id,name,email,phone,city,state,joined_at
1,Ananya Gupta,ananya.gupta1@example.com,9371096600,Hyderabad,Telangana,2026-06-17 07:55:12
2,Meera Nair,meera.nair2@example.com,9530256336,Hyderabad,Telangana,2026-04-06 11:42:18
3,Aditya Bose,aditya.bose3@example.com,9837071174,Kolkata,West Bengal,2026-01-11 09:50:11
4,Sai Patel,sai.patel4@example.com,9426240903,Delhi,Delhi,2026-01-17 12:58:18
5,Rahul Nair,rahul.nair5@example.com,9920814900,Delhi,Delhi,2026-03-22 19:30:41
6,Divya Shetty,divya.shetty6@example.com,9342329714,Kolkata,West Bengal,2026-05-31 14:59:38
7,Isha Pillai,isha.pillai7@example.com,9575368059,Mumbai,Maharashtra,2026-02-27 17:45:57
8,Keerthi Bose,keerthi.bose8@example.com,9427899537,Mumbai,Maharashtra,2026-04-21 10:00:19
9,Divya Reddy,divya.reddy9@example.com,9894664845,Kolkata,West Bengal,2026-01-20 06:27:43
10,Deepak Rao,deepak.rao10@example.com,9326586581,Kolkata,West Bengal,2026-02-21 09:20:25
11,Manoj Iyer,manoj.iyer11@example.com,9357553274,Bengaluru,Karnataka,2026-02-03 18:01:47
12,Pooja Iyer,pooja.iyer12@example.com,9102873038,Bengaluru,Karnataka,2026-03-21 07:49:47
13,Kavya Shetty,kavya.shetty13@example.com,9412737284,Pune,Maharashtra,2026-01-07 08:06:45
14,Rahul Menon,rahul.menon14@example.com,9403566540,Kochi,Kerala,2026-05-17 12:09:34
15,Keerthi Naidu,keerthi.naidu15@example.com,9838073939,Hyderabad,Telangana,2026-02-15 07:50:01
16,Anjali Singh,anjali.singh16@example.com,9733281747,Kolkata,West Bengal,2026-05-09 09:20:10
17,Neha Rao,neha.rao17@example.com,9223240112,Mumbai,Maharashtra,2026-04-16 17:50:40
18,Rahul Patel,rahul.patel18@example.com,9987588450,Chennai,Tamil Nadu,2026-01-28 14:52:08
19,Aditya Reddy,aditya.reddy19@example.com,9951078441,Bengaluru,Karnataka,2026-03-01 17:34:29
20,Divya Bose,divya.bose20@example.com,9571537429,Chennai,Tamil Nadu,2026-01-25 03:31:48
21,Kavya Menon,kavya.menon21@example.com,9532190231,Visakhapatnam,Andhra Pradesh,2026-02-22 20:45:33
22,Isha Krishnan,isha.krishnan22@example.com,9570040006,Pune,Maharashtra,2026-01-16 14:53:10
23,Bhavana Verma,bhavana.verma23@example.com,9446090161,Kochi,Kerala,2026-04-28 05:30:34
24,Vikram Sharma,vikram.sharma24@example.com,9345805719,Hyderabad,Telangana,2026-05-11 22:27:29
25,Swathi Bose,swathi.bose25@example.com,9122275263,Delhi,Delhi,2026-05-29 12:02:30
26,Manoj Singh,manoj.singh26@example.com,9143198431,Delhi,Delhi,2026-05-29 04:20:44
27,Deepak Gupta,deepak.gupta27@example.com,9657233178,Pune,Maharashtra,2026-05-07 12:15:15
28,Kavya Singh,kavya.singh28@example.com,9728492896,Bengaluru,Karnataka,2026-03-26 15:22:16
29,Harsha Mehta,harsha.mehta29@example.com,9604669821,Hyderabad,Telangana,2026-03-09 13:36:57
30,Sneha Das,sneha.das30@example.com,9819550381,Chennai,Tamil Nadu,2026-01-21 07:28:14
31,Keerthi Gupta,keerthi.gupta31@example.com,9542000551,Chennai,Tamil Nadu,2026-05-15 16:45:13
32,Meera Menon,meera.menon32@example.com,9529982328,Visakhapatnam,Andhra Pradesh,2026-06-07 23:29:33
33,Deepak Krishnan,deepak.krishnan33@example.com,9588365604,Hyderabad,Telangana,2026-01-18 02:23:18
34,Ananya Singh,ananya.singh34@example.com,9224469868,Chennai,Tamil Nadu,2026-05-31 00:20:03
35,Priya Chowdary,priya.chowdary35@example.com,9806157458,Hyderabad,Telangana,2026-06-18 19:32:46
36,Pooja Naidu,pooja.naidu36@example.com,9158201193,Mumbai,Maharashtra,2026-02-06 10:11:52
37,Isha Joshi,isha.joshi37@example.com,9912224654,Kolkata,West Bengal,2026-04-07 19:08:46
38,Harsha Naidu,harsha.naidu38@example.com,9155417727,Ahmedabad,Gujarat,2026-02-09 12:39:00
39,Vikram Krishnan,vikram.krishnan39@example.com,9409268943,Hyderabad,Telangana,2026-03-27 01:46:08
40,Bhavana Mehta,bhavana.mehta40@example.com,9130998324,Hyderabad,Telangana,2026-05-03 08:06:59
41,Divya Kumar,divya.kumar41@example.com,9270057261,Kochi,Kerala,2026-03-02 08:12:02
42,Pooja Sharma,pooja.sharma42@example.com,9538076670,Delhi,Delhi,2026-01-19 02:23:10
43,Kavya Nair,kavya.nair43@example.com,9993506934,Kolkata,West Bengal,2026-01-30 21:33:26
44,Isha Singh,isha.singh44@example.com,9996278008,Mumbai,Maharashtra,2026-04-04 16:36:39
45,Meera Kumar,meera.kumar45@example.com,9691916368,Mumbai,Maharashtra,2026-01-29 02:04:49
46,Priya Rao,priya.rao46@example.com,9645719501,Delhi,Delhi,2026-05-25 21:58:31
47,Bhavana Patel,bhavana.patel47@example.com,9396618390,Hyderabad,Telangana,2026-05-31 00:55:37
48,Neha Verma,neha.verma48@example.com,9945805127,Chennai,Tamil Nadu,2026-04-09 14:13:44
49,Nikhil Menon,nikhil.menon49@example.com,9722687986,Delhi,Delhi,2026-05-09 03:32:48
50,Meera Patel,meera.patel50@example.com,9678296492,Mumbai,Maharashtra,2026-04-05 01:11:40
51,Diya Das,diya.das51@example.com,9919128302,Delhi,Delhi,2026-04-16 12:34:03
52,Priya Naidu,priya.naidu52@example.com,9302563940,Chennai,Tamil Nadu,2026-05-16 10:34:41
53,Rahul Bose,rahul.bose53@example.com,9350785761,Mumbai,Maharashtra,2026-06-16 05:18:34
54,Deepak Verma,deepak.verma54@example.com,9441639230,Hyderabad,Telangana,2026-05-25 14:34:39
55,Meera Pillai,meera.pillai55@example.com,9812630453,Mumbai,Maharashtra,2026-06-03 20:49:19
56,Swathi Patel,swathi.patel56@example.com,9139749508,Pune,Maharashtra,2026-01-25 12:21:00
57,Isha Bose,isha.bose57@example.com,9207765664,Chennai,Tamil Nadu,2026-06-19 18:01:20
58,Arjun Chowdary,arjun.chowdary58@example.com,9116479358,Mumbai,Maharashtra,2026-05-21 06:49:56
59,Sai Verma,sai.verma59@example.com,9265744099,Kolkata,West Bengal,2026-01-15 12:43:29
60,Meera Singh,meera.singh60@example.com,9769219685,Chennai,Tamil Nadu,2026-05-15 12:14:14
