id,order_id,product_id,product_name,unit_price,quantity,line_total
1,1,1,Banana Robusta,60.00,2,120.00
2,1,24,Malai Paneer,85.50,1,85.50
3,2,52,Cow Ghee,289.00,1,289.00
4,2,62,Sambar Powder,49.50,2,99.00
5,2,88,Pav Buns,27.60,2,55.20
6,3,19,Ladies Finger (Bhindi),35.00,4,140.00
7,3,60,Cumin Seeds (Jeera),55.25,2,110.50
8,3,74,Mixture Namkeen,100.00,1,100.00
9,4,13,Potato,27.00,1,27.00
10,4,97,Toothbrush Soft,76.50,2,153.00
11,4,111,Liquid Detergent,210.00,1,210.00
12,5,87,Brown Bread,45.00,1,45.00
13,5,89,Milk Rusk,52.25,2,104.50
14,6,16,Carrot,27.00,1,27.00
15,6,18,Spinach (Palak),18.00,1,18.00
16,7,39,Besan,64.40,1,64.40
17,7,49,Sunflower Oil,151.80,1,151.80
18,7,90,Multigrain Bread,65.00,4,260.00
19,7,94,Neem Soap,112.00,2,224.00
20,8,8,Green Grapes,64.00,2,128.00
21,8,11,Onion,34.00,2,68.00
22,8,16,Carrot,27.00,4,108.00
23,8,45,Masoor Dal,115.00,1,115.00
24,8,56,Turmeric Powder,49.40,2,98.80
25,8,65,Iodised Salt,23.80,1,23.80
26,9,14,Green Chilli,11.40,1,11.40
27,9,22,Full Cream Milk,64.60,2,129.20
28,9,44,Urad Dal,142.50,2,285.00
29,9,68,Marie Biscuits,35.20,1,35.20
30,10,7,Orange Nagpur,102.00,2,204.00
31,10,94,Neem Soap,112.00,2,224.00
32,11,8,Green Grapes,64.00,1,64.00
33,11,20,Ginger,27.00,1,27.00
34,11,29,Buttermilk,25.00,2,50.00
35,11,36,Poha,45.00,1,45.00
36,11,72,Instant Noodles,49.28,1,49.28
37,12,19,Ladies Finger (Bhindi),35.00,2,70.00
38,12,27,Farm Eggs,49.68,2,99.36
39,12,29,Buttermilk,25.00,1,25.00
40,12,35,Rava (Sooji),60.00,2,120.00
41,12,42,Moong Dal,126.00,1,126.00
42,12,77,Filter Coffee Powder,294.40,2,588.80
43,13,1,Banana Robusta,60.00,2,120.00
44,13,13,Potato,27.00,2,54.00
45,13,17,Cauliflower,40.00,1,40.00
46,14,8,Green Grapes,64.00,1,64.00
47,14,13,Potato,27.00,4,108.00
48,14,66,Aloo Bhujia,88.00,1,88.00
49,15,21,Toned Milk,47.60,1,47.60
50,15,29,Buttermilk,25.00,2,50.00
51,16,8,Green Grapes,64.00,1,64.00
52,16,15,Coriander Leaves,14.25,1,14.25
53,16,19,Ladies Finger (Bhindi),35.00,1,35.00
54,16,66,Aloo Bhujia,88.00,1,88.00
55,17,39,Besan,64.40,1,64.40
56,17,93,Garlic Bread,63.00,1,63.00
57,17,96,Toothpaste,95.00,1,95.00
58,18,13,Potato,27.00,1,27.00
59,18,30,Fresh Cream,58.50,1,58.50
60,18,90,Multigrain Bread,65.00,2,130.00
61,18,101,Body Lotion,220.50,1,220.50
62,19,11,Onion,34.00,1,34.00
63,19,46,Rajma,80.75,1,80.75
64,19,87,Brown Bread,45.00,1,45.00
65,20,31,Basmati Rice,112.00,1,112.00
66,20,35,Rava (Sooji),60.00,1,60.00
67,20,48,Green Moong Whole,75.00,4,300.00
68,20,83,Packaged Drinking Water,17.00,1,17.00
69,21,14,Green Chilli,11.40,2,22.80
70,21,27,Farm Eggs,49.68,1,49.68
71,21,75,Dark Chocolate Bar,105.60,3,316.80
72,22,7,Orange Nagpur,102.00,2,204.00
73,22,8,Green Grapes,64.00,2,128.00
74,22,13,Potato,27.00,3,81.00
75,22,87,Brown Bread,45.00,2,90.00
76,22,90,Multigrain Bread,65.00,1,65.00
77,23,11,Onion,34.00,4,136.00
78,23,38,Brown Rice,147.20,1,147.20
79,23,47,Kabuli Chana,85.50,1,85.50
80,23,52,Cow Ghee,289.00,4,1156.00
81,23,87,Brown Bread,45.00,1,45.00
82,24,26,Cheese Slices,119.00,1,119.00
83,24,79,Green Tea Bags,165.00,1,165.00
84,25,10,Kiwi,94.05,1,94.05
85,25,19,Ladies Finger (Bhindi),35.00,2,70.00
86,26,6,Watermelon,81.00,2,162.00
87,26,22,Full Cream Milk,64.60,1,64.60
88,26,59,Garam Masala,66.50,2,133.00
89,26,86,White Bread,40.00,2,80.00
90,27,49,Sunflower Oil,151.80,1,151.80
91,27,89,Milk Rusk,52.25,4,209.00
92,27,90,Multigrain Bread,65.00,2,130.00
93,28,19,Ladies Finger (Bhindi),35.00,1,35.00
94,28,24,Malai Paneer,85.50,1,85.50
95,28,31,Basmati Rice,112.00,1,112.00
96,28,88,Pav Buns,27.60,3,82.80
97,28,105,Floor Cleaner,160.65,2,321.30
98,29,58,Coriander Powder,42.24,2,84.48
99,30,29,Buttermilk,25.00,1,25.00
100,30,110,Matchbox,20.00,4,80.00
101,31,7,Orange Nagpur,102.00,1,102.00
102,31,21,Toned Milk,47.60,2,95.20
103,31,91,Plum Cake,132.00,2,264.00
104,32,7,Orange Nagpur,102.00,1,102.00
105,32,13,Potato,27.00,1,27.00
106,32,27,Farm Eggs,49.68,1,49.68
107,32,80,Orange Juice,120.00,1,120.00
108,33,69,Chocolate Cream Biscuits,32.20,1,32.20
109,33,90,Multigrain Bread,65.00,1,65.00
110,34,18,Spinach (Palak),18.00,1,18.00
111,34,22,Full Cream Milk,64.60,2,129.20
112,35,6,Watermelon,81.00,1,81.00
113,35,11,Onion,34.00,1,34.00
114,35,45,Masoor Dal,115.00,2,230.00
115,35,55,Olive Oil (Pomace),450.00,3,1350.00
116,36,9,Guava,70.00,1,70.00
117,36,93,Garlic Bread,63.00,2,126.00
118,37,16,Carrot,27.00,3,81.00
119,37,17,Cauliflower,40.00,1,40.00
120,37,54,Rice Bran Oil,175.00,2,350.00
121,37,62,Sambar Powder,49.50,3,148.50
122,37,72,Instant Noodles,49.28,1,49.28
123,38,62,Sambar Powder,49.50,1,49.50
124,38,85,Tender Coconut Water,39.60,1,39.60
125,38,86,White Bread,40.00,1,40.00
126,39,1,Banana Robusta,60.00,1,60.00
127,39,19,Ladies Finger (Bhindi),35.00,1,35.00
128,39,21,Toned Milk,47.60,1,47.60
129,39,23,Fresh Curd,35.20,1,35.20
130,39,89,Milk Rusk,52.25,4,209.00
131,40,13,Potato,27.00,3,81.00
132,41,71,Khakhra Methi,60.00,1,60.00
133,41,83,Packaged Drinking Water,17.00,1,17.00
134,42,6,Watermelon,81.00,4,324.00
135,42,94,Neem Soap,112.00,1,112.00
136,43,18,Spinach (Palak),18.00,1,18.00
137,43,28,Brown Eggs,72.00,1,72.00
138,43,61,Mustard Seeds,25.00,3,75.00
139,43,62,Sambar Powder,49.50,1,49.50
140,43,101,Body Lotion,220.50,2,441.00
141,44,1,Banana Robusta,60.00,1,60.00
142,44,9,Guava,70.00,1,70.00
143,44,11,Onion,34.00,2,68.00
144,44,32,Sona Masoori Rice,380.00,1,380.00
145,45,8,Green Grapes,64.00,1,64.00
146,45,19,Ladies Finger (Bhindi),35.00,1,35.00
147,45,27,Farm Eggs,49.68,4,198.72
148,45,74,Mixture Namkeen,100.00,2,200.00
149,45,93,Garlic Bread,63.00,1,63.00
150,46,8,Green Grapes,64.00,2,128.00
151,46,11,Onion,34.00,1,34.00
152,46,67,Salted Potato Chips,28.50,3,85.50
153,46,84,Lemon Soda,27.60,1,27.60
154,46,93,Garlic Bread,63.00,1,63.00
155,47,4,Papaya,44.00,2,88.00
156,47,103,Detergent Powder,110.00,2,220.00
157,48,19,Ladies Finger (Bhindi),35.00,2,70.00
158,48,93,Garlic Bread,63.00,1,63.00
159,49,14,Green Chilli,11.40,1,11.40
160,50,7,Orange Nagpur,102.00,1,102.00
161,50,18,Spinach (Palak),18.00,1,18.00
162,50,29,Buttermilk,25.00,2,50.00
163,50,84,Lemon Soda,27.60,2,55.20
164,50,90,Multigrain Bread,65.00,1,65.00
165,51,10,Kiwi,94.05,1,94.05
166,51,41,Toor Dal,140.25,1,140.25
167,51,74,Mixture Namkeen,100.00,2,200.00
168,51,84,Lemon Soda,27.60,2,55.20
169,51,87,Brown Bread,45.00,1,45.00
170,51,97,Toothbrush Soft,76.50,1,76.50
171,52,13,Potato,27.00,4,108.00
172,52,18,Spinach (Palak),18.00,4,72.00
173,52,27,Farm Eggs,49.68,1,49.68
174,52,108,Garbage Bags,101.20,1,101.20
175,53,26,Cheese Slices,119.00,1,119.00
176,53,29,Buttermilk,25.00,2,50.00
177,53,48,Green Moong Whole,75.00,1,75.00
178,53,79,Green Tea Bags,165.00,1,165.00
179,53,93,Garlic Bread,63.00,1,63.00
180,54,89,Milk Rusk,52.25,1,52.25
181,54,95,Herbal Shampoo,189.00,2,378.00
182,55,9,Guava,70.00,2,140.00
183,55,99,Aloe Vera Gel,147.20,1,147.20
184,56,8,Green Grapes,64.00,1,64.00
185,56,21,Toned Milk,47.60,1,47.60
186,56,83,Packaged Drinking Water,17.00,3,51.00
187,57,13,Potato,27.00,3,81.00
188,57,54,Rice Bran Oil,175.00,1,175.00
189,57,70,Roasted Peanuts,55.20,2,110.40
190,58,18,Spinach (Palak),18.00,2,36.00
191,59,7,Orange Nagpur,102.00,1,102.00
192,59,8,Green Grapes,64.00,1,64.00
193,59,42,Moong Dal,126.00,2,252.00
194,59,43,Chana Dal,99.00,1,99.00
195,59,86,White Bread,40.00,1,40.00
196,60,6,Watermelon,81.00,2,162.00
197,60,13,Potato,27.00,1,27.00
198,60,50,Groundnut Oil,178.50,2,357.00
199,60,62,Sambar Powder,49.50,2,99.00
200,60,93,Garlic Bread,63.00,1,63.00
201,60,111,Liquid Detergent,210.00,3,630.00
202,61,23,Fresh Curd,35.20,1,35.20
203,61,32,Sona Masoori Rice,380.00,1,380.00
204,61,72,Instant Noodles,49.28,3,147.84
205,62,56,Turmeric Powder,49.40,2,98.80
206,62,57,Red Chilli Powder,67.50,1,67.50
207,63,23,Fresh Curd,35.20,1,35.20
208,64,40,Idli Rice,320.00,1,320.00
209,64,110,Matchbox,20.00,1,20.00
210,65,3,Pomegranate,187.00,1,187.00
211,65,17,Cauliflower,40.00,1,40.00
212,65,19,Ladies Finger (Bhindi),35.00,2,70.00
213,65,20,Ginger,27.00,1,27.00
214,65,46,Rajma,80.75,2,161.50
215,66,11,Onion,34.00,2,68.00
216,66,15,Coriander Leaves,14.25,2,28.50
217,66,16,Carrot,27.00,2,54.00
218,66,39,Besan,64.40,3,193.20
219,67,11,Onion,34.00,1,34.00
220,67,97,Toothbrush Soft,76.50,1,76.50
221,67,110,Matchbox,20.00,2,40.00
222,68,9,Guava,70.00,2,140.00
223,68,21,Toned Milk,47.60,2,95.20
224,68,47,Kabuli Chana,85.50,4,342.00
225,68,100,Hand Wash Refill,89.10,1,89.10
226,69,54,Rice Bran Oil,175.00,1,175.00
227,70,11,Onion,34.00,1,34.00
228,70,20,Ginger,27.00,1,27.00
229,70,87,Brown Bread,45.00,2,90.00
230,70,90,Multigrain Bread,65.00,1,65.00
231,71,6,Watermelon,81.00,1,81.00
232,71,65,Iodised Salt,23.80,1,23.80
233,71,70,Roasted Peanuts,55.20,1,55.20
234,72,19,Ladies Finger (Bhindi),35.00,2,70.00
235,72,30,Fresh Cream,58.50,1,58.50
236,72,60,Cumin Seeds (Jeera),55.25,3,165.75
237,73,18,Spinach (Palak),18.00,1,18.00
238,73,23,Fresh Curd,35.20,1,35.20
239,73,74,Mixture Namkeen,100.00,2,200.00
240,73,88,Pav Buns,27.60,1,27.60
241,74,12,Tomato,31.50,2,63.00
242,74,19,Ladies Finger (Bhindi),35.00,1,35.00
243,74,56,Turmeric Powder,49.40,1,49.40
244,74,87,Brown Bread,45.00,1,45.00
245,75,60,Cumin Seeds (Jeera),55.25,2,110.50
246,75,88,Pav Buns,27.60,2,55.20
247,75,104,Dishwash Liquid,147.25,1,147.25
248,76,4,Papaya,44.00,1,44.00
249,76,21,Toned Milk,47.60,1,47.60
250,76,72,Instant Noodles,49.28,1,49.28
251,76,86,White Bread,40.00,1,40.00
252,77,48,Green Moong Whole,75.00,2,150.00
253,77,86,White Bread,40.00,1,40.00
254,77,89,Milk Rusk,52.25,1,52.25
255,78,17,Cauliflower,40.00,1,40.00
256,79,6,Watermelon,81.00,4,324.00
257,79,99,Aloe Vera Gel,147.20,1,147.20
258,80,4,Papaya,44.00,1,44.00
259,80,27,Farm Eggs,49.68,4,198.72
260,80,55,Olive Oil (Pomace),450.00,1,450.00
261,80,63,Chicken Masala,61.20,1,61.20
262,81,7,Orange Nagpur,102.00,1,102.00
263,81,18,Spinach (Palak),18.00,1,18.00
264,81,24,Malai Paneer,85.50,1,85.50
265,81,42,Moong Dal,126.00,1,126.00
266,82,8,Green Grapes,64.00,4,256.00
267,82,13,Potato,27.00,1,27.00
268,82,60,Cumin Seeds (Jeera),55.25,1,55.25
269,83,12,Tomato,31.50,1,31.50
270,83,17,Cauliflower,40.00,1,40.00
271,83,22,Full Cream Milk,64.60,1,64.60
272,83,23,Fresh Curd,35.20,2,70.40
273,83,61,Mustard Seeds,25.00,1,25.00
274,84,65,Iodised Salt,23.80,2,47.60
275,85,5,Alphonso Mango,405.00,1,405.00
276,85,23,Fresh Curd,35.20,4,140.80
277,86,15,Coriander Leaves,14.25,1,14.25
278,86,18,Spinach (Palak),18.00,1,18.00
279,86,24,Malai Paneer,85.50,1,85.50
280,86,90,Multigrain Bread,65.00,1,65.00
281,87,4,Papaya,44.00,1,44.00
282,87,11,Onion,34.00,2,68.00
283,87,12,Tomato,31.50,1,31.50
284,87,13,Potato,27.00,2,54.00
285,87,28,Brown Eggs,72.00,1,72.00
286,87,100,Hand Wash Refill,89.10,1,89.10
287,88,7,Orange Nagpur,102.00,3,306.00
288,88,36,Poha,45.00,1,45.00
289,88,42,Moong Dal,126.00,2,252.00
290,88,43,Chana Dal,99.00,1,99.00
291,88,90,Multigrain Bread,65.00,2,130.00
292,89,8,Green Grapes,64.00,2,128.00
293,89,49,Sunflower Oil,151.80,3,455.40
294,89,85,Tender Coconut Water,39.60,3,118.80
295,89,104,Dishwash Liquid,147.25,3,441.75
296,90,11,Onion,34.00,2,68.00
297,90,25,Salted Butter,49.30,1,49.30
298,90,30,Fresh Cream,58.50,1,58.50
299,90,57,Red Chilli Powder,67.50,3,202.50
300,91,17,Cauliflower,40.00,2,80.00
301,91,20,Ginger,27.00,1,27.00
302,91,22,Full Cream Milk,64.60,2,129.20
303,92,14,Green Chilli,11.40,2,22.80
304,92,18,Spinach (Palak),18.00,1,18.00
305,92,19,Ladies Finger (Bhindi),35.00,1,35.00
306,92,73,Butter Cookies,85.50,3,256.50
307,92,78,Instant Coffee,290.00,1,290.00
308,92,84,Lemon Soda,27.60,1,27.60
309,93,86,White Bread,40.00,1,40.00
310,94,11,Onion,34.00,1,34.00
311,94,13,Potato,27.00,1,27.00
312,94,37,Ragi Flour,67.50,1,67.50
313,94,47,Kabuli Chana,85.50,1,85.50
314,94,91,Plum Cake,132.00,1,132.00
315,95,15,Coriander Leaves,14.25,1,14.25
316,95,67,Salted Potato Chips,28.50,1,28.50
317,95,94,Neem Soap,112.00,4,448.00
318,96,7,Orange Nagpur,102.00,1,102.00
319,96,17,Cauliflower,40.00,1,40.00
320,96,89,Milk Rusk,52.25,3,156.75
321,97,13,Potato,27.00,2,54.00
322,97,14,Green Chilli,11.40,1,11.40
323,98,9,Guava,70.00,1,70.00
324,98,11,Onion,34.00,2,68.00
325,98,30,Fresh Cream,58.50,3,175.50
326,98,87,Brown Bread,45.00,2,90.00
327,99,14,Green Chilli,11.40,2,22.80
328,99,18,Spinach (Palak),18.00,1,18.00
329,99,29,Buttermilk,25.00,1,25.00
330,99,36,Poha,45.00,4,180.00
331,99,89,Milk Rusk,52.25,4,209.00
332,100,17,Cauliflower,40.00,1,40.00
333,100,19,Ladies Finger (Bhindi),35.00,1,35.00
334,100,30,Fresh Cream,58.50,1,58.50
335,100,68,Marie Biscuits,35.20,2,70.40
336,101,15,Coriander Leaves,14.25,1,14.25
337,101,36,Poha,45.00,3,135.00
338,102,3,Pomegranate,187.00,1,187.00
339,102,9,Guava,70.00,3,210.00
340,102,32,Sona Masoori Rice,380.00,1,380.00
341,103,20,Ginger,27.00,3,81.00
342,103,30,Fresh Cream,58.50,1,58.50
343,103,60,Cumin Seeds (Jeera),55.25,1,55.25
344,103,68,Marie Biscuits,35.20,1,35.20
345,103,71,Khakhra Methi,60.00,2,120.00
346,103,88,Pav Buns,27.60,1,27.60
347,104,44,Urad Dal,142.50,3,427.50
348,104,72,Instant Noodles,49.28,2,98.56
349,104,93,Garlic Bread,63.00,1,63.00
350,104,100,Hand Wash Refill,89.10,1,89.10
351,105,4,Papaya,44.00,2,88.00
352,105,8,Green Grapes,64.00,1,64.00
353,105,22,Full Cream Milk,64.60,2,129.20
354,105,29,Buttermilk,25.00,1,25.00
355,105,50,Groundnut Oil,178.50,1,178.50
356,106,10,Kiwi,94.05,4,376.20
357,106,26,Cheese Slices,119.00,1,119.00
358,106,91,Plum Cake,132.00,4,528.00
359,107,12,Tomato,31.50,1,31.50
360,107,90,Multigrain Bread,65.00,1,65.00
361,108,29,Buttermilk,25.00,1,25.00
362,109,85,Tender Coconut Water,39.60,1,39.60
363,109,86,White Bread,40.00,1,40.00
364,110,1,Banana Robusta,60.00,4,240.00
365,110,39,Besan,64.40,3,193.20
366,110,74,Mixture Namkeen,100.00,2,200.00
367,111,74,Mixture Namkeen,100.00,1,100.00
368,112,18,Spinach (Palak),18.00,1,18.00
369,112,34,Maida,49.40,1,49.40
370,113,27,Farm Eggs,49.68,1,49.68
371,113,37,Ragi Flour,67.50,4,270.00
372,113,68,Marie Biscuits,35.20,1,35.20
373,114,2,Apple Shimla,144.00,1,144.00
374,114,13,Potato,27.00,2,54.00
375,114,14,Green Chilli,11.40,2,22.80
376,114,34,Maida,49.40,1,49.40
377,114,87,Brown Bread,45.00,2,90.00
378,114,109,Aluminium Foil,87.40,2,174.80
379,115,8,Green Grapes,64.00,2,128.00
380,116,8,Green Grapes,64.00,1,64.00
381,116,16,Carrot,27.00,2,54.00
382,116,70,Roasted Peanuts,55.20,1,55.20
383,117,27,Farm Eggs,49.68,3,149.04
384,117,58,Coriander Powder,42.24,1,42.24
385,117,69,Chocolate Cream Biscuits,32.20,2,64.40
386,118,55,Olive Oil (Pomace),450.00,4,1800.00
387,118,85,Tender Coconut Water,39.60,1,39.60
388,118,89,Milk Rusk,52.25,1,52.25
389,119,1,Banana Robusta,60.00,1,60.00
390,119,7,Orange Nagpur,102.00,1,102.00
391,119,8,Green Grapes,64.00,3,192.00
392,119,15,Coriander Leaves,14.25,2,28.50
393,119,30,Fresh Cream,58.50,1,58.50
394,119,68,Marie Biscuits,35.20,2,70.40
395,120,4,Papaya,44.00,2,88.00
396,120,17,Cauliflower,40.00,3,120.00
397,120,107,Scrub Pads,38.25,3,114.75
398,121,8,Green Grapes,64.00,1,64.00
399,121,89,Milk Rusk,52.25,1,52.25
400,121,92,Burger Buns,36.80,2,73.60
401,122,8,Green Grapes,64.00,1,64.00
402,122,17,Cauliflower,40.00,2,80.00
403,122,20,Ginger,27.00,2,54.00
404,122,22,Full Cream Milk,64.60,1,64.60
405,122,25,Salted Butter,49.30,1,49.30
406,122,74,Mixture Namkeen,100.00,3,300.00
407,123,8,Green Grapes,64.00,1,64.00
408,123,89,Milk Rusk,52.25,1,52.25
409,123,93,Garlic Bread,63.00,1,63.00
410,123,107,Scrub Pads,38.25,2,76.50
411,124,5,Alphonso Mango,405.00,2,810.00
412,124,28,Brown Eggs,72.00,1,72.00
413,124,30,Fresh Cream,58.50,3,175.50
414,124,72,Instant Noodles,49.28,1,49.28
415,124,92,Burger Buns,36.80,2,73.60
416,125,27,Farm Eggs,49.68,1,49.68
417,125,36,Poha,45.00,2,90.00
418,125,57,Red Chilli Powder,67.50,2,135.00
419,125,68,Marie Biscuits,35.20,1,35.20
420,125,72,Instant Noodles,49.28,2,98.56
421,125,91,Plum Cake,132.00,3,396.00
422,126,11,Onion,34.00,1,34.00
423,126,19,Ladies Finger (Bhindi),35.00,1,35.00
424,126,29,Buttermilk,25.00,1,25.00
425,126,31,Basmati Rice,112.00,1,112.00
426,126,34,Maida,49.40,1,49.40
427,126,79,Green Tea Bags,165.00,2,330.00
428,127,7,Orange Nagpur,102.00,2,204.00
429,127,19,Ladies Finger (Bhindi),35.00,1,35.00
430,127,32,Sona Masoori Rice,380.00,1,380.00
431,127,107,Scrub Pads,38.25,1,38.25
432,128,45,Masoor Dal,115.00,1,115.00
433,128,60,Cumin Seeds (Jeera),55.25,1,55.25
434,128,63,Chicken Masala,61.20,2,122.40
435,128,92,Burger Buns,36.80,2,73.60
436,128,104,Dishwash Liquid,147.25,2,294.50
437,129,8,Green Grapes,64.00,2,128.00
438,129,22,Full Cream Milk,64.60,1,64.60
439,129,29,Buttermilk,25.00,1,25.00
440,129,71,Khakhra Methi,60.00,2,120.00
441,130,8,Green Grapes,64.00,2,128.00
442,130,30,Fresh Cream,58.50,2,117.00
443,130,93,Garlic Bread,63.00,1,63.00
444,131,13,Potato,27.00,2,54.00
445,131,89,Milk Rusk,52.25,1,52.25
446,132,60,Cumin Seeds (Jeera),55.25,2,110.50
447,133,34,Maida,49.40,1,49.40
448,133,50,Groundnut Oil,178.50,2,357.00
449,133,104,Dishwash Liquid,147.25,1,147.25
450,134,8,Green Grapes,64.00,2,128.00
451,134,11,Onion,34.00,2,68.00
452,134,68,Marie Biscuits,35.20,1,35.20
453,134,85,Tender Coconut Water,39.60,3,118.80
454,134,88,Pav Buns,27.60,1,27.60
455,134,93,Garlic Bread,63.00,2,126.00
456,135,18,Spinach (Palak),18.00,1,18.00
457,135,20,Ginger,27.00,2,54.00
458,135,87,Brown Bread,45.00,3,135.00
459,136,19,Ladies Finger (Bhindi),35.00,1,35.00
460,136,43,Chana Dal,99.00,1,99.00
461,136,75,Dark Chocolate Bar,105.60,2,211.20
462,137,71,Khakhra Methi,60.00,1,60.00
463,137,107,Scrub Pads,38.25,1,38.25
464,138,45,Masoor Dal,115.00,3,345.00
465,138,49,Sunflower Oil,151.80,1,151.80
466,138,67,Salted Potato Chips,28.50,3,85.50
467,138,71,Khakhra Methi,60.00,1,60.00
468,138,99,Aloe Vera Gel,147.20,1,147.20
469,139,4,Papaya,44.00,1,44.00
470,140,5,Alphonso Mango,405.00,1,405.00
471,140,10,Kiwi,94.05,1,94.05
472,140,13,Potato,27.00,1,27.00
473,140,85,Tender Coconut Water,39.60,2,79.20
474,141,24,Malai Paneer,85.50,1,85.50
475,141,62,Sambar Powder,49.50,2,99.00
476,142,23,Fresh Curd,35.20,1,35.20
477,143,4,Papaya,44.00,2,88.00
478,143,13,Potato,27.00,2,54.00
479,143,14,Green Chilli,11.40,1,11.40
480,143,28,Brown Eggs,72.00,1,72.00
481,143,78,Instant Coffee,290.00,2,580.00
482,143,90,Multigrain Bread,65.00,1,65.00
483,144,6,Watermelon,81.00,2,162.00
484,144,103,Detergent Powder,110.00,1,110.00
485,144,108,Garbage Bags,101.20,1,101.20
486,145,1,Banana Robusta,60.00,1,60.00
487,145,89,Milk Rusk,52.25,3,156.75
488,146,18,Spinach (Palak),18.00,2,36.00
489,146,58,Coriander Powder,42.24,1,42.24
490,146,84,Lemon Soda,27.60,1,27.60
491,146,89,Milk Rusk,52.25,2,104.50
492,147,11,Onion,34.00,1,34.00
493,147,40,Idli Rice,320.00,1,320.00
494,147,86,White Bread,40.00,3,120.00
495,148,57,Red Chilli Powder,67.50,1,67.50
496,148,101,Body Lotion,220.50,1,220.50
497,149,15,Coriander Leaves,14.25,2,28.50
498,149,20,Ginger,27.00,3,81.00
499,150,8,Green Grapes,64.00,1,64.00
500,150,16,Carrot,27.00,1,27.00
501,150,23,Fresh Curd,35.20,2,70.40
502,150,72,Instant Noodles,49.28,1,49.28
503,150,87,Brown Bread,45.00,1,45.00
504,151,6,Watermelon,81.00,2,162.00
505,151,7,Orange Nagpur,102.00,1,102.00
506,151,19,Ladies Finger (Bhindi),35.00,2,70.00
507,151,106,Toilet Cleaner,86.24,1,86.24
508,152,13,Potato,27.00,1,27.00
509,152,77,Filter Coffee Powder,294.40,2,588.80
510,152,89,Milk Rusk,52.25,1,52.25
511,152,91,Plum Cake,132.00,2,264.00
512,153,6,Watermelon,81.00,1,81.00
513,154,19,Ladies Finger (Bhindi),35.00,1,35.00
514,154,24,Malai Paneer,85.50,1,85.50
515,154,25,Salted Butter,49.30,2,98.60
516,154,28,Brown Eggs,72.00,1,72.00
517,154,93,Garlic Bread,63.00,2,126.00
518,155,18,Spinach (Palak),18.00,2,36.00
519,155,34,Maida,49.40,1,49.40
520,155,68,Marie Biscuits,35.20,3,105.60
521,156,11,Onion,34.00,1,34.00
522,157,18,Spinach (Palak),18.00,2,36.00
523,157,60,Cumin Seeds (Jeera),55.25,4,221.00
524,157,90,Multigrain Bread,65.00,1,65.00
525,157,92,Burger Buns,36.80,3,110.40
526,157,104,Dishwash Liquid,147.25,1,147.25
527,158,7,Orange Nagpur,102.00,2,204.00
528,158,13,Potato,27.00,2,54.00
529,158,41,Toor Dal,140.25,1,140.25
530,159,12,Tomato,31.50,1,31.50
531,159,57,Red Chilli Powder,67.50,1,67.50
532,160,79,Green Tea Bags,165.00,4,660.00
533,161,66,Aloo Bhujia,88.00,1,88.00
534,162,6,Watermelon,81.00,1,81.00
535,162,13,Potato,27.00,1,27.00
536,162,15,Coriander Leaves,14.25,2,28.50
537,162,17,Cauliflower,40.00,2,80.00
538,162,21,Toned Milk,47.60,1,47.60
539,162,66,Aloo Bhujia,88.00,1,88.00
540,163,19,Ladies Finger (Bhindi),35.00,2,70.00
541,163,86,White Bread,40.00,2,80.00
542,164,19,Ladies Finger (Bhindi),35.00,1,35.00
543,164,28,Brown Eggs,72.00,1,72.00
544,164,30,Fresh Cream,58.50,2,117.00
545,164,84,Lemon Soda,27.60,1,27.60
546,165,13,Potato,27.00,2,54.00
547,165,59,Garam Masala,66.50,2,133.00
548,165,72,Instant Noodles,49.28,2,98.56
549,165,74,Mixture Namkeen,100.00,1,100.00
550,165,92,Burger Buns,36.80,2,73.60
551,166,39,Besan,64.40,2,128.80
552,166,93,Garlic Bread,63.00,1,63.00
553,167,7,Orange Nagpur,102.00,1,102.00
554,167,9,Guava,70.00,1,70.00
555,167,33,Whole Wheat Atta,285.00,1,285.00
556,167,90,Multigrain Bread,65.00,4,260.00
557,168,9,Guava,70.00,1,70.00
558,168,11,Onion,34.00,2,68.00
559,168,46,Rajma,80.75,3,242.25
560,168,47,Kabuli Chana,85.50,1,85.50
561,168,91,Plum Cake,132.00,2,264.00
562,169,36,Poha,45.00,2,90.00
563,169,65,Iodised Salt,23.80,1,23.80
564,170,62,Sambar Powder,49.50,1,49.50
565,171,48,Green Moong Whole,75.00,1,75.00
566,171,77,Filter Coffee Powder,294.40,1,294.40
567,172,6,Watermelon,81.00,2,162.00
568,172,14,Green Chilli,11.40,1,11.40
569,172,16,Carrot,27.00,2,54.00
570,172,25,Salted Butter,49.30,3,147.90
571,172,106,Toilet Cleaner,86.24,1,86.24
572,173,17,Cauliflower,40.00,1,40.00
573,173,35,Rava (Sooji),60.00,1,60.00
574,174,8,Green Grapes,64.00,1,64.00
575,174,19,Ladies Finger (Bhindi),35.00,1,35.00
576,174,26,Cheese Slices,119.00,2,238.00
577,174,67,Salted Potato Chips,28.50,1,28.50
578,175,9,Guava,70.00,1,70.00
579,175,10,Kiwi,94.05,3,282.15
580,175,35,Rava (Sooji),60.00,1,60.00
581,175,92,Burger Buns,36.80,1,36.80
582,176,14,Green Chilli,11.40,1,11.40
583,176,55,Olive Oil (Pomace),450.00,1,450.00
584,176,73,Butter Cookies,85.50,1,85.50
585,176,88,Pav Buns,27.60,1,27.60
586,176,100,Hand Wash Refill,89.10,1,89.10
587,177,11,Onion,34.00,1,34.00
588,177,35,Rava (Sooji),60.00,1,60.00
589,177,68,Marie Biscuits,35.20,1,35.20
590,177,94,Neem Soap,112.00,1,112.00
591,178,11,Onion,34.00,3,102.00
592,178,53,Coconut Oil,119.00,1,119.00
593,178,54,Rice Bran Oil,175.00,2,350.00
594,178,68,Marie Biscuits,35.20,1,35.20
595,178,89,Milk Rusk,52.25,2,104.50
596,178,93,Garlic Bread,63.00,3,189.00
597,179,27,Farm Eggs,49.68,2,99.36
598,179,30,Fresh Cream,58.50,1,58.50
599,179,67,Salted Potato Chips,28.50,2,57.00
600,179,69,Chocolate Cream Biscuits,32.20,3,96.60
601,179,91,Plum Cake,132.00,2,264.00
602,179,98,Coconut Hair Oil,118.80,1,118.80
603,180,6,Watermelon,81.00,1,81.00
604,180,16,Carrot,27.00,2,54.00
605,180,40,Idli Rice,320.00,1,320.00
606,180,53,Coconut Oil,119.00,1,119.00
607,180,93,Garlic Bread,63.00,1,63.00
608,181,8,Green Grapes,64.00,1,64.00
609,181,17,Cauliflower,40.00,1,40.00
610,181,25,Salted Butter,49.30,2,98.60
611,181,27,Farm Eggs,49.68,4,198.72
612,181,50,Groundnut Oil,178.50,1,178.50
613,182,12,Tomato,31.50,1,31.50
614,182,30,Fresh Cream,58.50,2,117.00
615,182,44,Urad Dal,142.50,1,142.50
616,182,109,Aluminium Foil,87.40,1,87.40
617,183,85,Tender Coconut Water,39.60,1,39.60
618,183,100,Hand Wash Refill,89.10,1,89.10
619,184,4,Papaya,44.00,2,88.00
620,184,24,Malai Paneer,85.50,2,171.00
621,184,60,Cumin Seeds (Jeera),55.25,1,55.25
622,184,68,Marie Biscuits,35.20,2,70.40
623,185,55,Olive Oil (Pomace),450.00,1,450.00
624,185,72,Instant Noodles,49.28,2,98.56
625,185,96,Toothpaste,95.00,1,95.00
626,186,1,Banana Robusta,60.00,1,60.00
627,186,11,Onion,34.00,1,34.00
628,186,31,Basmati Rice,112.00,2,224.00
629,186,89,Milk Rusk,52.25,1,52.25
630,186,96,Toothpaste,95.00,2,190.00
631,187,7,Orange Nagpur,102.00,1,102.00
632,187,63,Chicken Masala,61.20,1,61.20
633,187,107,Scrub Pads,38.25,2,76.50
634,188,70,Roasted Peanuts,55.20,3,165.60
635,189,14,Green Chilli,11.40,4,45.60
636,189,20,Ginger,27.00,1,27.00
637,189,49,Sunflower Oil,151.80,1,151.80
638,189,88,Pav Buns,27.60,1,27.60
639,190,8,Green Grapes,64.00,1,64.00
640,190,20,Ginger,27.00,1,27.00
641,190,34,Maida,49.40,2,98.80
642,190,35,Rava (Sooji),60.00,1,60.00
643,191,15,Coriander Leaves,14.25,2,28.50
644,191,20,Ginger,27.00,3,81.00
645,191,84,Lemon Soda,27.60,3,82.80
646,192,14,Green Chilli,11.40,2,22.80
647,192,70,Roasted Peanuts,55.20,1,55.20
648,192,86,White Bread,40.00,1,40.00
649,193,17,Cauliflower,40.00,2,80.00
650,193,25,Salted Butter,49.30,1,49.30
651,194,12,Tomato,31.50,2,63.00
652,194,14,Green Chilli,11.40,3,34.20
653,194,48,Green Moong Whole,75.00,1,75.00
654,195,14,Green Chilli,11.40,2,22.80
655,195,17,Cauliflower,40.00,2,80.00
656,196,6,Watermelon,81.00,1,81.00
657,196,102,Face Wash,148.75,1,148.75
658,197,19,Ladies Finger (Bhindi),35.00,1,35.00
659,197,22,Full Cream Milk,64.60,1,64.60
660,197,48,Green Moong Whole,75.00,2,150.00
661,197,92,Burger Buns,36.80,1,36.80
662,197,93,Garlic Bread,63.00,1,63.00
663,198,3,Pomegranate,187.00,1,187.00
664,198,27,Farm Eggs,49.68,3,149.04
665,198,99,Aloe Vera Gel,147.20,2,294.40
666,199,1,Banana Robusta,60.00,1,60.00
667,199,19,Ladies Finger (Bhindi),35.00,1,35.00
668,199,67,Salted Potato Chips,28.50,1,28.50
669,200,17,Cauliflower,40.00,1,40.00
670,200,103,Detergent Powder,110.00,1,110.00
671,201,22,Full Cream Milk,64.60,2,129.20
672,201,25,Salted Butter,49.30,2,98.60
673,201,28,Brown Eggs,72.00,2,144.00
674,201,48,Green Moong Whole,75.00,2,150.00
675,201,107,Scrub Pads,38.25,1,38.25
676,202,1,Banana Robusta,60.00,3,180.00
677,202,9,Guava,70.00,2,140.00
678,202,27,Farm Eggs,49.68,1,49.68
679,202,30,Fresh Cream,58.50,1,58.50
680,202,76,Assam Tea,228.80,1,228.80
681,203,8,Green Grapes,64.00,1,64.00
682,204,7,Orange Nagpur,102.00,2,204.00
683,204,17,Cauliflower,40.00,1,40.00
684,204,21,Toned Milk,47.60,1,47.60
685,204,44,Urad Dal,142.50,1,142.50
686,204,78,Instant Coffee,290.00,2,580.00
687,205,17,Cauliflower,40.00,1,40.00
688,205,19,Ladies Finger (Bhindi),35.00,2,70.00
689,205,39,Besan,64.40,1,64.40
690,205,107,Scrub Pads,38.25,1,38.25
691,206,25,Salted Butter,49.30,3,147.90
692,206,27,Farm Eggs,49.68,1,49.68
693,206,56,Turmeric Powder,49.40,1,49.40
694,206,61,Mustard Seeds,25.00,1,25.00
695,206,90,Multigrain Bread,65.00,2,130.00
696,206,96,Toothpaste,95.00,2,190.00
697,207,28,Brown Eggs,72.00,1,72.00
698,207,36,Poha,45.00,3,135.00
699,207,79,Green Tea Bags,165.00,1,165.00
700,207,85,Tender Coconut Water,39.60,1,39.60
701,207,98,Coconut Hair Oil,118.80,1,118.80
702,208,7,Orange Nagpur,102.00,3,306.00
703,208,24,Malai Paneer,85.50,1,85.50
704,209,8,Green Grapes,64.00,1,64.00
705,209,57,Red Chilli Powder,67.50,3,202.50
706,209,110,Matchbox,20.00,1,20.00
707,210,9,Guava,70.00,1,70.00
708,210,11,Onion,34.00,1,34.00
709,210,37,Ragi Flour,67.50,3,202.50
710,211,9,Guava,70.00,1,70.00
711,211,39,Besan,64.40,1,64.40
712,211,42,Moong Dal,126.00,2,252.00
713,211,97,Toothbrush Soft,76.50,3,229.50
714,211,100,Hand Wash Refill,89.10,1,89.10
715,212,7,Orange Nagpur,102.00,1,102.00
716,212,10,Kiwi,94.05,1,94.05
717,212,14,Green Chilli,11.40,2,22.80
718,212,18,Spinach (Palak),18.00,1,18.00
719,212,26,Cheese Slices,119.00,1,119.00
720,212,30,Fresh Cream,58.50,1,58.50
721,213,18,Spinach (Palak),18.00,1,18.00
722,213,41,Toor Dal,140.25,3,420.75
723,213,52,Cow Ghee,289.00,1,289.00
724,213,83,Packaged Drinking Water,17.00,1,17.00
725,213,87,Brown Bread,45.00,2,90.00
726,214,6,Watermelon,81.00,1,81.00
727,214,58,Coriander Powder,42.24,2,84.48
728,215,38,Brown Rice,147.20,1,147.20
729,215,62,Sambar Powder,49.50,1,49.50
730,216,29,Buttermilk,25.00,1,25.00
731,216,69,Chocolate Cream Biscuits,32.20,1,32.20
732,217,106,Toilet Cleaner,86.24,1,86.24
733,218,7,Orange Nagpur,102.00,1,102.00
734,219,3,Pomegranate,187.00,2,374.00
735,219,6,Watermelon,81.00,1,81.00
736,219,22,Full Cream Milk,64.60,1,64.60
737,219,32,Sona Masoori Rice,380.00,1,380.00
738,219,69,Chocolate Cream Biscuits,32.20,1,32.20
739,220,1,Banana Robusta,60.00,4,240.00
740,220,23,Fresh Curd,35.20,2,70.40
741,221,13,Potato,27.00,2,54.00
742,221,110,Matchbox,20.00,1,20.00
743,222,11,Onion,34.00,2,68.00
744,222,97,Toothbrush Soft,76.50,2,153.00
745,222,103,Detergent Powder,110.00,1,110.00
746,223,4,Papaya,44.00,2,88.00
747,223,21,Toned Milk,47.60,4,190.40
748,224,86,White Bread,40.00,1,40.00
749,225,10,Kiwi,94.05,2,188.10
750,225,16,Carrot,27.00,1,27.00
751,225,33,Whole Wheat Atta,285.00,4,1140.00
752,225,48,Green Moong Whole,75.00,2,150.00
753,225,68,Marie Biscuits,35.20,1,35.20
754,225,83,Packaged Drinking Water,17.00,1,17.00
755,226,19,Ladies Finger (Bhindi),35.00,1,35.00
756,226,30,Fresh Cream,58.50,2,117.00
757,227,2,Apple Shimla,144.00,1,144.00
758,227,16,Carrot,27.00,2,54.00
759,227,22,Full Cream Milk,64.60,1,64.60
760,227,72,Instant Noodles,49.28,1,49.28
761,228,19,Ladies Finger (Bhindi),35.00,1,35.00
762,228,29,Buttermilk,25.00,3,75.00
763,228,90,Multigrain Bread,65.00,1,65.00
764,229,29,Buttermilk,25.00,3,75.00
765,229,34,Maida,49.40,2,98.80
766,229,40,Idli Rice,320.00,1,320.00
767,229,74,Mixture Namkeen,100.00,2,200.00
768,229,84,Lemon Soda,27.60,1,27.60
769,230,10,Kiwi,94.05,1,94.05
770,230,12,Tomato,31.50,1,31.50
771,230,17,Cauliflower,40.00,1,40.00
772,230,67,Salted Potato Chips,28.50,2,57.00
773,230,83,Packaged Drinking Water,17.00,1,17.00
774,231,8,Green Grapes,64.00,1,64.00
775,232,30,Fresh Cream,58.50,1,58.50
776,232,51,Mustard Oil,180.00,1,180.00
777,232,58,Coriander Powder,42.24,2,84.48
778,233,29,Buttermilk,25.00,1,25.00
779,233,60,Cumin Seeds (Jeera),55.25,2,110.50
780,233,89,Milk Rusk,52.25,3,156.75
781,233,96,Toothpaste,95.00,2,190.00
782,234,6,Watermelon,81.00,1,81.00
783,234,37,Ragi Flour,67.50,1,67.50
784,234,74,Mixture Namkeen,100.00,1,100.00
785,234,89,Milk Rusk,52.25,1,52.25
786,235,44,Urad Dal,142.50,2,285.00
787,235,47,Kabuli Chana,85.50,1,85.50
788,235,78,Instant Coffee,290.00,2,580.00
789,235,100,Hand Wash Refill,89.10,2,178.20
790,236,34,Maida,49.40,3,148.20
791,236,39,Besan,64.40,3,193.20
792,236,42,Moong Dal,126.00,1,126.00
793,236,53,Coconut Oil,119.00,4,476.00
794,236,63,Chicken Masala,61.20,2,122.40
795,237,15,Coriander Leaves,14.25,2,28.50
796,237,19,Ladies Finger (Bhindi),35.00,1,35.00
797,237,22,Full Cream Milk,64.60,1,64.60
798,237,41,Toor Dal,140.25,4,561.00
799,237,42,Moong Dal,126.00,1,126.00
800,238,9,Guava,70.00,3,210.00
801,239,19,Ladies Finger (Bhindi),35.00,3,105.00
802,239,83,Packaged Drinking Water,17.00,2,34.00
803,240,7,Orange Nagpur,102.00,1,102.00
804,240,11,Onion,34.00,3,102.00
805,240,29,Buttermilk,25.00,1,25.00
806,240,48,Green Moong Whole,75.00,1,75.00
807,241,6,Watermelon,81.00,1,81.00
808,241,14,Green Chilli,11.40,3,34.20
809,241,19,Ladies Finger (Bhindi),35.00,2,70.00
810,241,30,Fresh Cream,58.50,2,117.00
811,242,87,Brown Bread,45.00,1,45.00
812,243,27,Farm Eggs,49.68,1,49.68
813,243,91,Plum Cake,132.00,2,264.00
814,243,96,Toothpaste,95.00,2,190.00
815,244,4,Papaya,44.00,1,44.00
816,244,19,Ladies Finger (Bhindi),35.00,1,35.00
817,244,37,Ragi Flour,67.50,2,135.00
818,244,60,Cumin Seeds (Jeera),55.25,1,55.25
819,245,7,Orange Nagpur,102.00,1,102.00
820,245,10,Kiwi,94.05,1,94.05
821,245,27,Farm Eggs,49.68,2,99.36
822,245,48,Green Moong Whole,75.00,1,75.00
823,245,80,Orange Juice,120.00,1,120.00
824,245,86,White Bread,40.00,1,40.00
825,246,13,Potato,27.00,4,108.00
826,246,24,Malai Paneer,85.50,1,85.50
827,246,30,Fresh Cream,58.50,1,58.50
828,246,45,Masoor Dal,115.00,1,115.00
829,246,48,Green Moong Whole,75.00,1,75.00
830,247,22,Full Cream Milk,64.60,1,64.60
831,247,26,Cheese Slices,119.00,1,119.00
832,248,21,Toned Milk,47.60,2,95.20
833,248,88,Pav Buns,27.60,2,55.20
834,249,11,Onion,34.00,2,68.00
835,249,68,Marie Biscuits,35.20,1,35.20
836,250,10,Kiwi,94.05,2,188.10
837,250,17,Cauliflower,40.00,1,40.00
838,250,20,Ginger,27.00,1,27.00
839,250,89,Milk Rusk,52.25,1,52.25
840,251,42,Moong Dal,126.00,4,504.00
841,251,58,Coriander Powder,42.24,2,84.48
842,251,79,Green Tea Bags,165.00,2,330.00
843,252,5,Alphonso Mango,405.00,2,810.00
844,252,13,Potato,27.00,1,27.00
845,252,16,Carrot,27.00,1,27.00
846,253,8,Green Grapes,64.00,1,64.00
847,253,21,Toned Milk,47.60,3,142.80
848,253,65,Iodised Salt,23.80,1,23.80
849,253,93,Garlic Bread,63.00,4,252.00
850,254,7,Orange Nagpur,102.00,2,204.00
851,254,13,Potato,27.00,1,27.00
852,254,30,Fresh Cream,58.50,3,175.50
853,254,45,Masoor Dal,115.00,1,115.00
854,254,52,Cow Ghee,289.00,1,289.00
855,254,104,Dishwash Liquid,147.25,2,294.50
856,255,18,Spinach (Palak),18.00,1,18.00
857,255,107,Scrub Pads,38.25,1,38.25
858,255,110,Matchbox,20.00,1,20.00
859,256,9,Guava,70.00,2,140.00
860,256,14,Green Chilli,11.40,1,11.40
861,256,20,Ginger,27.00,2,54.00
862,256,24,Malai Paneer,85.50,3,256.50
863,256,99,Aloe Vera Gel,147.20,2,294.40
864,256,100,Hand Wash Refill,89.10,1,89.10
865,257,9,Guava,70.00,2,140.00
866,257,28,Brown Eggs,72.00,1,72.00
867,257,54,Rice Bran Oil,175.00,2,350.00
868,258,27,Farm Eggs,49.68,1,49.68
869,258,63,Chicken Masala,61.20,1,61.20
870,258,83,Packaged Drinking Water,17.00,1,17.00
871,258,93,Garlic Bread,63.00,1,63.00
872,259,3,Pomegranate,187.00,1,187.00
873,259,10,Kiwi,94.05,2,188.10
874,259,19,Ladies Finger (Bhindi),35.00,2,70.00
875,259,103,Detergent Powder,110.00,2,220.00
876,259,106,Toilet Cleaner,86.24,2,172.48
877,260,3,Pomegranate,187.00,2,374.00
878,260,109,Aluminium Foil,87.40,2,174.80
879,261,3,Pomegranate,187.00,2,374.00
880,261,6,Watermelon,81.00,1,81.00
881,262,11,Onion,34.00,1,34.00
882,262,12,Tomato,31.50,1,31.50
883,262,23,Fresh Curd,35.20,4,140.80
884,262,30,Fresh Cream,58.50,3,175.50
885,263,11,Onion,34.00,2,68.00
886,263,13,Potato,27.00,2,54.00
887,263,28,Brown Eggs,72.00,3,216.00
888,263,101,Body Lotion,220.50,3,661.50
889,264,24,Malai Paneer,85.50,1,85.50
890,264,72,Instant Noodles,49.28,1,49.28
891,264,88,Pav Buns,27.60,2,55.20
892,264,99,Aloe Vera Gel,147.20,2,294.40
893,265,15,Coriander Leaves,14.25,4,57.00
894,265,39,Besan,64.40,1,64.40
895,265,91,Plum Cake,132.00,1,132.00
896,266,28,Brown Eggs,72.00,2,144.00
897,266,92,Burger Buns,36.80,1,36.80
898,267,7,Orange Nagpur,102.00,1,102.00
899,267,29,Buttermilk,25.00,1,25.00
900,267,33,Whole Wheat Atta,285.00,3,855.00
901,267,62,Sambar Powder,49.50,1,49.50
902,267,68,Marie Biscuits,35.20,1,35.20
903,267,93,Garlic Bread,63.00,1,63.00
904,268,7,Orange Nagpur,102.00,2,204.00
905,268,19,Ladies Finger (Bhindi),35.00,1,35.00
906,268,62,Sambar Powder,49.50,2,99.00
907,268,92,Burger Buns,36.80,1,36.80
908,268,93,Garlic Bread,63.00,2,126.00
909,269,11,Onion,34.00,1,34.00
910,269,56,Turmeric Powder,49.40,1,49.40
911,269,72,Instant Noodles,49.28,1,49.28
912,269,107,Scrub Pads,38.25,1,38.25
913,270,10,Kiwi,94.05,1,94.05
914,270,83,Packaged Drinking Water,17.00,1,17.00
915,271,12,Tomato,31.50,4,126.00
916,271,93,Garlic Bread,63.00,1,63.00
917,272,33,Whole Wheat Atta,285.00,1,285.00
918,272,55,Olive Oil (Pomace),450.00,1,450.00
919,272,87,Brown Bread,45.00,2,90.00
920,273,1,Banana Robusta,60.00,2,120.00
921,273,17,Cauliflower,40.00,1,40.00
922,273,59,Garam Masala,66.50,1,66.50
923,273,92,Burger Buns,36.80,1,36.80
924,274,48,Green Moong Whole,75.00,2,150.00
925,275,11,Onion,34.00,1,34.00
926,275,110,Matchbox,20.00,2,40.00
927,276,4,Papaya,44.00,2,88.00
928,276,21,Toned Milk,47.60,1,47.60
929,276,79,Green Tea Bags,165.00,3,495.00
930,276,104,Dishwash Liquid,147.25,2,294.50
931,277,30,Fresh Cream,58.50,1,58.50
932,278,5,Alphonso Mango,405.00,4,1620.00
933,278,13,Potato,27.00,1,27.00
934,278,48,Green Moong Whole,75.00,1,75.00
935,279,17,Cauliflower,40.00,2,80.00
936,279,27,Farm Eggs,49.68,3,149.04
937,279,48,Green Moong Whole,75.00,2,150.00
938,279,70,Roasted Peanuts,55.20,1,55.20
939,279,89,Milk Rusk,52.25,2,104.50
940,280,8,Green Grapes,64.00,2,128.00
941,280,13,Potato,27.00,2,54.00
942,280,15,Coriander Leaves,14.25,1,14.25
943,280,18,Spinach (Palak),18.00,2,36.00
944,280,29,Buttermilk,25.00,1,25.00
945,281,5,Alphonso Mango,405.00,1,405.00
946,281,13,Potato,27.00,1,27.00
947,281,16,Carrot,27.00,2,54.00
948,281,61,Mustard Seeds,25.00,1,25.00
949,281,68,Marie Biscuits,35.20,1,35.20
950,282,4,Papaya,44.00,1,44.00
951,282,9,Guava,70.00,1,70.00
952,282,13,Potato,27.00,3,81.00
953,282,30,Fresh Cream,58.50,3,175.50
954,282,89,Milk Rusk,52.25,1,52.25
955,282,94,Neem Soap,112.00,2,224.00
956,283,43,Chana Dal,99.00,1,99.00
957,283,46,Rajma,80.75,1,80.75
958,283,67,Salted Potato Chips,28.50,1,28.50
959,284,10,Kiwi,94.05,2,188.10
960,285,11,Onion,34.00,1,34.00
961,285,12,Tomato,31.50,2,63.00
962,285,54,Rice Bran Oil,175.00,1,175.00
963,286,7,Orange Nagpur,102.00,1,102.00
964,286,91,Plum Cake,132.00,2,264.00
965,287,4,Papaya,44.00,1,44.00
966,287,22,Full Cream Milk,64.60,1,64.60
967,288,10,Kiwi,94.05,2,188.10
968,288,18,Spinach (Palak),18.00,1,18.00
969,288,19,Ladies Finger (Bhindi),35.00,4,140.00
970,288,20,Ginger,27.00,1,27.00
971,288,30,Fresh Cream,58.50,4,234.00
972,288,91,Plum Cake,132.00,1,132.00
973,289,4,Papaya,44.00,1,44.00
974,289,8,Green Grapes,64.00,3,192.00
975,289,18,Spinach (Palak),18.00,1,18.00
976,289,89,Milk Rusk,52.25,2,104.50
977,289,91,Plum Cake,132.00,2,264.00
978,290,13,Potato,27.00,2,54.00
979,290,17,Cauliflower,40.00,1,40.00
980,290,38,Brown Rice,147.20,1,147.20
981,290,84,Lemon Soda,27.60,1,27.60
982,291,40,Idli Rice,320.00,1,320.00
983,291,42,Moong Dal,126.00,3,378.00
984,292,18,Spinach (Palak),18.00,1,18.00
985,292,92,Burger Buns,36.80,1,36.80
986,293,23,Fresh Curd,35.20,1,35.20
987,294,19,Ladies Finger (Bhindi),35.00,1,35.00
988,294,21,Toned Milk,47.60,2,95.20
989,294,28,Brown Eggs,72.00,2,144.00
990,294,59,Garam Masala,66.50,1,66.50
991,294,68,Marie Biscuits,35.20,3,105.60
992,295,87,Brown Bread,45.00,2,90.00
993,296,9,Guava,70.00,3,210.00
994,296,30,Fresh Cream,58.50,1,58.50
995,296,83,Packaged Drinking Water,17.00,1,17.00
996,296,100,Hand Wash Refill,89.10,1,89.10
997,297,5,Alphonso Mango,405.00,1,405.00
998,297,8,Green Grapes,64.00,1,64.00
999,297,19,Ladies Finger (Bhindi),35.00,1,35.00
1000,297,30,Fresh Cream,58.50,1,58.50
1001,297,89,Milk Rusk,52.25,1,52.25
1002,298,6,Watermelon,81.00,1,81.00
1003,298,18,Spinach (Palak),18.00,1,18.00
1004,298,29,Buttermilk,25.00,1,25.00
1005,298,51,Mustard Oil,180.00,1,180.00
1006,299,20,Ginger,27.00,2,54.00
1007,299,27,Farm Eggs,49.68,1,49.68
1008,299,47,Kabuli Chana,85.50,2,171.00
1009,299,107,Scrub Pads,38.25,2,76.50
1010,300,19,Ladies Finger (Bhindi),35.00,1,35.00
1011,300,52,Cow Ghee,289.00,1,289.00
1012,301,19,Ladies Finger (Bhindi),35.00,2,70.00
1013,301,52,Cow Ghee,289.00,1,289.00
1014,301,68,Marie Biscuits,35.20,1,35.20
1015,301,88,Pav Buns,27.60,1,27.60
1016,302,18,Spinach (Palak),18.00,1,18.00
1017,302,29,Buttermilk,25.00,1,25.00
1018,302,57,Red Chilli Powder,67.50,3,202.50
1019,302,65,Iodised Salt,23.80,1,23.80
1020,302,81,Mango Drink,67.50,2,135.00
1021,303,35,Rava (Sooji),60.00,2,120.00
1022,303,49,Sunflower Oil,151.80,3,455.40
1023,303,56,Turmeric Powder,49.40,1,49.40
1024,303,71,Khakhra Methi,60.00,3,180.00
1025,303,93,Garlic Bread,63.00,4,252.00
1026,303,110,Matchbox,20.00,1,20.00
1027,304,3,Pomegranate,187.00,1,187.00
1028,304,17,Cauliflower,40.00,1,40.00
1029,305,11,Onion,34.00,1,34.00
1030,305,13,Potato,27.00,1,27.00
1031,305,27,Farm Eggs,49.68,2,99.36
1032,306,9,Guava,70.00,1,70.00
1033,306,91,Plum Cake,132.00,2,264.00
1034,307,9,Guava,70.00,3,210.00
1035,307,87,Brown Bread,45.00,2,90.00
1036,307,90,Multigrain Bread,65.00,3,195.00
1037,307,107,Scrub Pads,38.25,2,76.50
1038,308,1,Banana Robusta,60.00,2,120.00
1039,308,14,Green Chilli,11.40,2,22.80
1040,308,23,Fresh Curd,35.20,1,35.20
1041,308,27,Farm Eggs,49.68,3,149.04
1042,308,32,Sona Masoori Rice,380.00,1,380.00
1043,309,22,Full Cream Milk,64.60,1,64.60
1044,309,48,Green Moong Whole,75.00,2,150.00
1045,309,103,Detergent Powder,110.00,1,110.00
1046,310,36,Poha,45.00,2,90.00
1047,310,37,Ragi Flour,67.50,1,67.50
1048,311,39,Besan,64.40,3,193.20
1049,311,48,Green Moong Whole,75.00,1,75.00
1050,311,56,Turmeric Powder,49.40,1,49.40
1051,311,68,Marie Biscuits,35.20,1,35.20
1052,312,18,Spinach (Palak),18.00,1,18.00
1053,312,21,Toned Milk,47.60,2,95.20
1054,312,107,Scrub Pads,38.25,1,38.25
1055,313,48,Green Moong Whole,75.00,1,75.00
1056,313,59,Garam Masala,66.50,2,133.00
1057,314,30,Fresh Cream,58.50,1,58.50
1058,315,17,Cauliflower,40.00,1,40.00
1059,315,57,Red Chilli Powder,67.50,2,135.00
1060,316,11,Onion,34.00,1,34.00
1061,316,22,Full Cream Milk,64.60,1,64.60
1062,316,64,Black Pepper Whole,101.20,1,101.20
1063,316,85,Tender Coconut Water,39.60,1,39.60
1064,317,26,Cheese Slices,119.00,1,119.00
1065,317,80,Orange Juice,120.00,2,240.00
1066,317,88,Pav Buns,27.60,2,55.20
1067,317,89,Milk Rusk,52.25,1,52.25
1068,318,17,Cauliflower,40.00,2,80.00
1069,319,30,Fresh Cream,58.50,1,58.50
1070,319,94,Neem Soap,112.00,2,224.00
1071,319,100,Hand Wash Refill,89.10,1,89.10
1072,320,18,Spinach (Palak),18.00,1,18.00
1073,320,23,Fresh Curd,35.20,1,35.20
1074,320,87,Brown Bread,45.00,4,180.00
1075,321,55,Olive Oil (Pomace),450.00,1,450.00
1076,321,63,Chicken Masala,61.20,1,61.20
1077,321,89,Milk Rusk,52.25,2,104.50
1078,322,15,Coriander Leaves,14.25,2,28.50
1079,322,66,Aloo Bhujia,88.00,1,88.00
1080,322,67,Salted Potato Chips,28.50,2,57.00
1081,323,1,Banana Robusta,60.00,1,60.00
1082,324,4,Papaya,44.00,2,88.00
1083,324,16,Carrot,27.00,1,27.00
1084,324,21,Toned Milk,47.60,1,47.60
1085,324,72,Instant Noodles,49.28,3,147.84
1086,325,7,Orange Nagpur,102.00,2,204.00
1087,325,102,Face Wash,148.75,1,148.75
1088,326,6,Watermelon,81.00,1,81.00
1089,326,8,Green Grapes,64.00,4,256.00
1090,326,12,Tomato,31.50,2,63.00
1091,326,18,Spinach (Palak),18.00,2,36.00
1092,326,65,Iodised Salt,23.80,2,47.60
1093,327,5,Alphonso Mango,405.00,2,810.00
1094,327,16,Carrot,27.00,1,27.00
1095,327,17,Cauliflower,40.00,1,40.00
1096,327,23,Fresh Curd,35.20,4,140.80
1097,327,110,Matchbox,20.00,1,20.00
1098,328,27,Farm Eggs,49.68,2,99.36
1099,328,40,Idli Rice,320.00,1,320.00
1100,329,6,Watermelon,81.00,2,162.00
1101,330,1,Banana Robusta,60.00,1,60.00
1102,330,4,Papaya,44.00,1,44.00
1103,330,63,Chicken Masala,61.20,1,61.20
1104,331,25,Salted Butter,49.30,2,98.60
1105,331,30,Fresh Cream,58.50,1,58.50
1106,331,73,Butter Cookies,85.50,1,85.50
1107,331,83,Packaged Drinking Water,17.00,1,17.00
1108,332,39,Besan,64.40,1,64.40
1109,332,110,Matchbox,20.00,1,20.00
1110,333,20,Ginger,27.00,2,54.00
1111,333,22,Full Cream Milk,64.60,1,64.60
1112,333,89,Milk Rusk,52.25,1,52.25
1113,333,90,Multigrain Bread,65.00,1,65.00
1114,334,8,Green Grapes,64.00,2,128.00
1115,334,24,Malai Paneer,85.50,1,85.50
1116,335,3,Pomegranate,187.00,4,748.00
1117,335,4,Papaya,44.00,1,44.00
1118,336,1,Banana Robusta,60.00,1,60.00
1119,336,33,Whole Wheat Atta,285.00,1,285.00
1120,336,87,Brown Bread,45.00,2,90.00
1121,336,104,Dishwash Liquid,147.25,1,147.25
1122,337,39,Besan,64.40,2,128.80
1123,337,91,Plum Cake,132.00,1,132.00
1124,337,99,Aloe Vera Gel,147.20,1,147.20
1125,338,93,Garlic Bread,63.00,2,126.00
1126,339,60,Cumin Seeds (Jeera),55.25,3,165.75
1127,340,5,Alphonso Mango,405.00,1,405.00
1128,340,8,Green Grapes,64.00,2,128.00
1129,340,88,Pav Buns,27.60,1,27.60
1130,340,89,Milk Rusk,52.25,1,52.25
1131,341,8,Green Grapes,64.00,1,64.00
1132,341,25,Salted Butter,49.30,4,197.20
1133,341,41,Toor Dal,140.25,1,140.25
1134,341,68,Marie Biscuits,35.20,1,35.20
1135,342,11,Onion,34.00,1,34.00
1136,342,81,Mango Drink,67.50,1,67.50
1137,343,60,Cumin Seeds (Jeera),55.25,1,55.25
1138,343,86,White Bread,40.00,1,40.00
1139,344,95,Herbal Shampoo,189.00,2,378.00
1140,345,9,Guava,70.00,1,70.00
1141,345,17,Cauliflower,40.00,1,40.00
1142,345,30,Fresh Cream,58.50,1,58.50
1143,345,86,White Bread,40.00,2,80.00
1144,346,7,Orange Nagpur,102.00,1,102.00
1145,346,18,Spinach (Palak),18.00,1,18.00
1146,346,27,Farm Eggs,49.68,4,198.72
1147,346,89,Milk Rusk,52.25,4,209.00
1148,347,4,Papaya,44.00,1,44.00
1149,347,8,Green Grapes,64.00,2,128.00
1150,347,13,Potato,27.00,3,81.00
1151,347,29,Buttermilk,25.00,1,25.00
1152,347,34,Maida,49.40,1,49.40
1153,347,59,Garam Masala,66.50,3,199.50
1154,348,16,Carrot,27.00,3,81.00
1155,348,57,Red Chilli Powder,67.50,1,67.50
1156,349,3,Pomegranate,187.00,1,187.00
1157,349,11,Onion,34.00,1,34.00
1158,349,35,Rava (Sooji),60.00,1,60.00
1159,350,8,Green Grapes,64.00,1,64.00
1160,350,14,Green Chilli,11.40,1,11.40
1161,350,15,Coriander Leaves,14.25,3,42.75
1162,350,93,Garlic Bread,63.00,1,63.00
1163,351,11,Onion,34.00,1,34.00
1164,351,13,Potato,27.00,1,27.00
1165,351,55,Olive Oil (Pomace),450.00,1,450.00
1166,352,3,Pomegranate,187.00,1,187.00
1167,352,17,Cauliflower,40.00,1,40.00
1168,352,47,Kabuli Chana,85.50,1,85.50
1169,353,11,Onion,34.00,4,136.00
1170,353,86,White Bread,40.00,3,120.00
1171,354,26,Cheese Slices,119.00,3,357.00
1172,354,36,Poha,45.00,1,45.00
1173,355,27,Farm Eggs,49.68,3,149.04
1174,356,95,Herbal Shampoo,189.00,3,567.00
1175,356,100,Hand Wash Refill,89.10,3,267.30
1176,357,24,Malai Paneer,85.50,1,85.50
1177,357,27,Farm Eggs,49.68,1,49.68
1178,357,34,Maida,49.40,1,49.40
1179,357,69,Chocolate Cream Biscuits,32.20,2,64.40
1180,357,74,Mixture Namkeen,100.00,2,200.00
1181,357,87,Brown Bread,45.00,1,45.00
1182,358,1,Banana Robusta,60.00,2,120.00
1183,358,111,Liquid Detergent,210.00,1,210.00
1184,359,9,Guava,70.00,1,70.00
1185,359,29,Buttermilk,25.00,3,75.00
1186,359,70,Roasted Peanuts,55.20,2,110.40
1187,359,107,Scrub Pads,38.25,2,76.50
1188,360,18,Spinach (Palak),18.00,2,36.00
1189,360,38,Brown Rice,147.20,2,294.40
1190,360,68,Marie Biscuits,35.20,2,70.40
1191,361,19,Ladies Finger (Bhindi),35.00,3,105.00
1192,361,35,Rava (Sooji),60.00,1,60.00
1193,361,57,Red Chilli Powder,67.50,1,67.50
1194,361,97,Toothbrush Soft,76.50,1,76.50
1195,362,45,Masoor Dal,115.00,2,230.00
1196,362,62,Sambar Powder,49.50,1,49.50
1197,362,70,Roasted Peanuts,55.20,1,55.20
1198,363,70,Roasted Peanuts,55.20,2,110.40
1199,363,79,Green Tea Bags,165.00,1,165.00
1200,363,80,Orange Juice,120.00,3,360.00
1201,363,91,Plum Cake,132.00,1,132.00
1202,364,29,Buttermilk,25.00,1,25.00
1203,364,33,Whole Wheat Atta,285.00,1,285.00
1204,364,89,Milk Rusk,52.25,2,104.50
1205,365,66,Aloo Bhujia,88.00,3,264.00
1206,365,69,Chocolate Cream Biscuits,32.20,1,32.20
1207,365,107,Scrub Pads,38.25,3,114.75
1208,366,6,Watermelon,81.00,1,81.00
1209,366,103,Detergent Powder,110.00,1,110.00
1210,367,2,Apple Shimla,144.00,1,144.00
1211,367,101,Body Lotion,220.50,2,441.00
1212,368,2,Apple Shimla,144.00,1,144.00
1213,368,12,Tomato,31.50,2,63.00
1214,368,75,Dark Chocolate Bar,105.60,2,211.20
1215,369,30,Fresh Cream,58.50,1,58.50
1216,369,63,Chicken Masala,61.20,1,61.20
1217,369,65,Iodised Salt,23.80,1,23.80
1218,369,86,White Bread,40.00,1,40.00
1219,370,10,Kiwi,94.05,1,94.05
1220,370,14,Green Chilli,11.40,4,45.60
1221,370,18,Spinach (Palak),18.00,2,36.00
1222,370,22,Full Cream Milk,64.60,1,64.60
1223,370,89,Milk Rusk,52.25,1,52.25
1224,371,8,Green Grapes,64.00,4,256.00
1225,371,11,Onion,34.00,1,34.00
1226,371,86,White Bread,40.00,1,40.00
1227,371,93,Garlic Bread,63.00,1,63.00
1228,372,10,Kiwi,94.05,1,94.05
1229,372,28,Brown Eggs,72.00,1,72.00
1230,372,39,Besan,64.40,3,193.20
1231,372,107,Scrub Pads,38.25,2,76.50
1232,373,41,Toor Dal,140.25,1,140.25
1233,373,105,Floor Cleaner,160.65,2,321.30
1234,374,65,Iodised Salt,23.80,1,23.80
1235,374,73,Butter Cookies,85.50,1,85.50
1236,374,80,Orange Juice,120.00,1,120.00
1237,374,87,Brown Bread,45.00,1,45.00
1238,374,94,Neem Soap,112.00,2,224.00
1239,374,110,Matchbox,20.00,1,20.00
1240,375,19,Ladies Finger (Bhindi),35.00,2,70.00
1241,375,21,Toned Milk,47.60,1,47.60
1242,376,6,Watermelon,81.00,4,324.00
1243,376,13,Potato,27.00,1,27.00
1244,376,67,Salted Potato Chips,28.50,1,28.50
1245,376,89,Milk Rusk,52.25,2,104.50
1246,376,102,Face Wash,148.75,1,148.75
1247,377,23,Fresh Curd,35.20,1,35.20
1248,377,27,Farm Eggs,49.68,1,49.68
1249,377,71,Khakhra Methi,60.00,1,60.00
1250,378,77,Filter Coffee Powder,294.40,1,294.40
1251,378,92,Burger Buns,36.80,1,36.80
1252,379,9,Guava,70.00,1,70.00
1253,379,26,Cheese Slices,119.00,4,476.00
1254,379,53,Coconut Oil,119.00,1,119.00
1255,379,73,Butter Cookies,85.50,1,85.50
1256,379,89,Milk Rusk,52.25,3,156.75
1257,380,60,Cumin Seeds (Jeera),55.25,1,55.25
1258,381,13,Potato,27.00,1,27.00
1259,381,18,Spinach (Palak),18.00,2,36.00
1260,381,89,Milk Rusk,52.25,1,52.25
1261,381,93,Garlic Bread,63.00,1,63.00
1262,382,10,Kiwi,94.05,1,94.05
1263,382,86,White Bread,40.00,2,80.00
1264,383,12,Tomato,31.50,1,31.50
1265,383,17,Cauliflower,40.00,2,80.00
1266,383,62,Sambar Powder,49.50,1,49.50
1267,383,93,Garlic Bread,63.00,4,252.00
1268,384,16,Carrot,27.00,4,108.00
1269,384,27,Farm Eggs,49.68,2,99.36
1270,384,68,Marie Biscuits,35.20,1,35.20
1271,385,10,Kiwi,94.05,1,94.05
1272,385,49,Sunflower Oil,151.80,2,303.60
1273,386,4,Papaya,44.00,1,44.00
1274,386,60,Cumin Seeds (Jeera),55.25,2,110.50
1275,386,102,Face Wash,148.75,1,148.75
1276,387,11,Onion,34.00,1,34.00
1277,387,19,Ladies Finger (Bhindi),35.00,2,70.00
1278,387,53,Coconut Oil,119.00,1,119.00
1279,387,87,Brown Bread,45.00,1,45.00
1280,387,89,Milk Rusk,52.25,1,52.25
1281,388,26,Cheese Slices,119.00,3,357.00
1282,388,85,Tender Coconut Water,39.60,1,39.60
1283,389,44,Urad Dal,142.50,2,285.00
1284,389,68,Marie Biscuits,35.20,2,70.40
1285,389,86,White Bread,40.00,2,80.00
1286,389,89,Milk Rusk,52.25,1,52.25
1287,389,101,Body Lotion,220.50,3,661.50
1288,390,20,Ginger,27.00,2,54.00
1289,391,8,Green Grapes,64.00,1,64.00
1290,391,11,Onion,34.00,2,68.00
1291,391,18,Spinach (Palak),18.00,2,36.00
1292,391,37,Ragi Flour,67.50,1,67.50
1293,391,78,Instant Coffee,290.00,1,290.00
1294,391,105,Floor Cleaner,160.65,4,642.60
1295,392,2,Apple Shimla,144.00,1,144.00
1296,392,30,Fresh Cream,58.50,1,58.50
1297,393,4,Papaya,44.00,1,44.00
1298,393,18,Spinach (Palak),18.00,1,18.00
1299,393,29,Buttermilk,25.00,1,25.00
1300,393,93,Garlic Bread,63.00,2,126.00
1301,394,3,Pomegranate,187.00,1,187.00
1302,394,10,Kiwi,94.05,1,94.05
1303,394,17,Cauliflower,40.00,3,120.00
1304,394,78,Instant Coffee,290.00,2,580.00
1305,395,88,Pav Buns,27.60,2,55.20
1306,396,1,Banana Robusta,60.00,1,60.00
1307,396,11,Onion,34.00,2,68.00
1308,396,72,Instant Noodles,49.28,1,49.28
1309,396,80,Orange Juice,120.00,2,240.00
1310,396,89,Milk Rusk,52.25,1,52.25
1311,396,94,Neem Soap,112.00,2,224.00
1312,397,19,Ladies Finger (Bhindi),35.00,1,35.00
1313,397,25,Salted Butter,49.30,1,49.30
1314,397,82,Cola,36.00,1,36.00
1315,398,6,Watermelon,81.00,2,162.00
1316,398,23,Fresh Curd,35.20,2,70.40
1317,398,29,Buttermilk,25.00,2,50.00
1318,398,31,Basmati Rice,112.00,1,112.00
1319,399,87,Brown Bread,45.00,3,135.00
1320,399,90,Multigrain Bread,65.00,1,65.00
1321,399,93,Garlic Bread,63.00,1,63.00
1322,400,8,Green Grapes,64.00,1,64.00
1323,400,36,Poha,45.00,2,90.00
1324,400,67,Salted Potato Chips,28.50,4,114.00
1325,401,13,Potato,27.00,1,27.00
1326,401,22,Full Cream Milk,64.60,2,129.20
1327,402,33,Whole Wheat Atta,285.00,1,285.00
1328,402,82,Cola,36.00,2,72.00
1329,402,83,Packaged Drinking Water,17.00,2,34.00
1330,403,10,Kiwi,94.05,1,94.05
1331,403,35,Rava (Sooji),60.00,1,60.00
1332,403,101,Body Lotion,220.50,1,220.50
1333,403,109,Aluminium Foil,87.40,1,87.40
1334,404,3,Pomegranate,187.00,2,374.00
1335,404,12,Tomato,31.50,1,31.50
1336,404,32,Sona Masoori Rice,380.00,1,380.00
1337,404,89,Milk Rusk,52.25,2,104.50
1338,405,18,Spinach (Palak),18.00,1,18.00
1339,405,29,Buttermilk,25.00,1,25.00
1340,405,30,Fresh Cream,58.50,1,58.50
1341,406,82,Cola,36.00,4,144.00
1342,407,4,Papaya,44.00,1,44.00
1343,407,28,Brown Eggs,72.00,2,144.00
1344,407,89,Milk Rusk,52.25,2,104.50
1345,408,18,Spinach (Palak),18.00,1,18.00
1346,408,24,Malai Paneer,85.50,1,85.50
1347,408,82,Cola,36.00,1,36.00
1348,409,4,Papaya,44.00,1,44.00
1349,409,11,Onion,34.00,2,68.00
1350,409,17,Cauliflower,40.00,2,80.00
1351,409,51,Mustard Oil,180.00,1,180.00
1352,410,22,Full Cream Milk,64.60,1,64.60
1353,410,87,Brown Bread,45.00,2,90.00
1354,411,4,Papaya,44.00,1,44.00
1355,411,26,Cheese Slices,119.00,1,119.00
1356,411,110,Matchbox,20.00,1,20.00
1357,412,4,Papaya,44.00,1,44.00
1358,412,8,Green Grapes,64.00,1,64.00
1359,412,11,Onion,34.00,1,34.00
1360,412,39,Besan,64.40,1,64.40
1361,412,63,Chicken Masala,61.20,1,61.20
1362,413,8,Green Grapes,64.00,1,64.00
1363,413,19,Ladies Finger (Bhindi),35.00,1,35.00
1364,413,30,Fresh Cream,58.50,2,117.00
1365,413,68,Marie Biscuits,35.20,2,70.40
1366,414,27,Farm Eggs,49.68,2,99.36
1367,414,32,Sona Masoori Rice,380.00,2,760.00
1368,414,89,Milk Rusk,52.25,1,52.25
1369,415,48,Green Moong Whole,75.00,2,150.00
1370,415,87,Brown Bread,45.00,4,180.00
1371,416,19,Ladies Finger (Bhindi),35.00,1,35.00
1372,417,6,Watermelon,81.00,1,81.00
1373,417,20,Ginger,27.00,1,27.00
1374,417,88,Pav Buns,27.60,2,55.20
1375,418,29,Buttermilk,25.00,1,25.00
1376,418,58,Coriander Powder,42.24,1,42.24
1377,418,82,Cola,36.00,2,72.00
1378,419,77,Filter Coffee Powder,294.40,1,294.40
1379,419,103,Detergent Powder,110.00,3,330.00
1380,420,5,Alphonso Mango,405.00,2,810.00
1381,420,13,Potato,27.00,2,54.00
1382,420,15,Coriander Leaves,14.25,1,14.25
1383,420,29,Buttermilk,25.00,3,75.00
1384,420,72,Instant Noodles,49.28,3,147.84
1385,420,78,Instant Coffee,290.00,2,580.00
