id,order_number,user_id,created_at,status,payment_method,payment_status,items_count,subtotal,delivery_fee,total,delivery_city
1,MM2604-00001,29,2026-04-02 08:28:20,Delivered,COD,Paid,3,205.50,40.00,245.50,Hyderabad
2,MM2604-00002,11,2026-04-05 09:11:54,Delivered,UPI,Paid,5,443.20,40.00,483.20,Bengaluru
3,MM2604-00003,33,2026-04-07 20:20:00,Delivered,UPI,Paid,7,350.50,40.00,390.50,Hyderabad
4,MM2604-00004,11,2026-04-07 20:28:36,Delivered,COD,Paid,4,390.00,40.00,430.00,Bengaluru
5,MM2604-00005,50,2026-04-08 21:47:04,Delivered,COD,Paid,3,149.50,40.00,189.50,Mumbai
6,MM2604-00006,3,2026-04-10 03:52:02,Delivered,UPI,Paid,2,45.00,40.00,85.00,Kolkata
7,MM2604-00007,30,2026-04-10 08:59:40,Delivered,COD,Paid,8,700.20,0.00,700.20,Chennai
8,MM2604-00008,59,2026-04-11 20:18:08,Delivered,UPI,Paid,12,541.60,0.00,541.60,Kolkata
9,MM2604-00009,33,2026-04-12 05:30:52,Delivered,COD,Paid,6,460.80,40.00,500.80,Hyderabad
10,MM2604-00010,29,2026-04-12 13:04:22,Delivered,UPI,Paid,4,428.00,40.00,468.00,Hyderabad
11,MM2604-00011,12,2026-04-14 14:14:13,Delivered,UPI,Paid,6,235.28,40.00,275.28,Bengaluru
12,MM2604-00012,22,2026-04-14 18:51:01,Delivered,COD,Paid,10,1029.16,0.00,1029.16,Pune
13,MM2604-00013,44,2026-04-14 20:39:06,Delivered,COD,Paid,5,214.00,40.00,254.00,Mumbai
14,MM2604-00014,22,2026-04-15 21:45:12,Delivered,UPI,Paid,6,260.00,40.00,300.00,Pune
15,MM2604-00015,20,2026-04-16 20:08:53,Delivered,COD,Paid,3,97.60,40.00,137.60,Chennai
16,MM2604-00016,15,2026-04-16 21:16:14,Delivered,UPI,Paid,4,201.25,40.00,241.25,Hyderabad
17,MM2604-00017,22,2026-04-19 09:42:39,Delivered,UPI,Paid,3,222.40,40.00,262.40,Pune
18,MM2604-00018,51,2026-04-19 18:28:55,Delivered,UPI,Paid,5,436.00,40.00,476.00,Delhi
19,MM2604-00019,37,2026-04-19 21:50:55,Delivered,UPI,Paid,3,159.75,40.00,199.75,Kolkata
20,MM2604-00020,9,2026-04-20 02:01:22,Delivered,COD,Paid,7,489.00,40.00,529.00,Kolkata
21,MM2604-00021,33,2026-04-21 06:06:10,Delivered,UPI,Paid,6,389.28,40.00,429.28,Hyderabad
22,MM2604-00022,20,2026-04-22 20:33:47,Delivered,UPI,Paid,10,568.00,0.00,568.00,Chennai
23,MM2604-00023,21,2026-04-22 21:47:01,Delivered,COD,Paid,11,1569.70,0.00,1569.70,Visakhapatnam
24,MM2604-00024,7,2026-04-24 06:58:03,Delivered,COD,Paid,2,284.00,40.00,324.00,Mumbai
25,MM2604-00025,18,2026-04-24 21:10:03,Delivered,UPI,Paid,3,164.05,40.00,204.05,Chennai
26,MM2604-00026,20,2026-04-25 12:05:44,Delivered,COD,Paid,7,439.60,40.00,479.60,Chennai
27,MM2604-00027,29,2026-04-25 20:16:28,Delivered,COD,Paid,7,490.80,40.00,530.80,Hyderabad
28,MM2604-00028,48,2026-04-25 21:33:13,Delivered,COD,Paid,8,636.60,0.00,636.60,Chennai
29,MM2604-00029,20,2026-04-26 03:33:43,Delivered,UPI,Paid,2,84.48,40.00,124.48,Chennai
30,MM2604-00030,56,2026-04-27 09:25:01,Delivered,COD,Paid,5,105.00,40.00,145.00,Pune
31,MM2604-00031,13,2026-04-27 21:27:30,Delivered,UPI,Paid,5,461.20,40.00,501.20,Pune
32,MM2604-00032,13,2026-04-28 15:17:55,Delivered,UPI,Paid,4,298.68,40.00,338.68,Pune
33,MM2604-00033,45,2026-04-28 19:38:34,Delivered,UPI,Paid,2,97.20,40.00,137.20,Mumbai
34,MM2604-00034,13,2026-04-28 20:06:03,Delivered,COD,Paid,3,147.20,40.00,187.20,Pune
35,MM2604-00035,20,2026-04-30 20:17:08,Delivered,UPI,Paid,7,1695.00,0.00,1695.00,Chennai
36,MM2605-00036,29,2026-05-01 21:34:49,Delivered,UPI,Paid,3,196.00,40.00,236.00,Hyderabad
37,MM2605-00037,22,2026-05-06 13:24:40,Delivered,UPI,Paid,10,668.78,0.00,668.78,Pune
38,MM2605-00038,19,2026-05-07 00:56:17,Delivered,UPI,Paid,3,129.10,40.00,169.10,Bengaluru
39,MM2605-00039,3,2026-05-07 11:02:48,Delivered,UPI,Paid,8,386.80,40.00,426.80,Kolkata
40,MM2605-00040,13,2026-05-08 05:34:28,Delivered,COD,Paid,3,81.00,40.00,121.00,Pune
41,MM2605-00041,29,2026-05-08 18:33:58,Delivered,UPI,Paid,2,77.00,40.00,117.00,Hyderabad
42,MM2605-00042,8,2026-05-08 22:49:02,Delivered,UPI,Paid,5,436.00,40.00,476.00,Mumbai
43,MM2605-00043,33,2026-05-08 23:39:24,Delivered,UPI,Paid,8,655.50,0.00,655.50,Hyderabad
44,MM2605-00044,18,2026-05-09 21:19:11,Delivered,UPI,Paid,5,578.00,0.00,578.00,Chennai
45,MM2605-00045,17,2026-05-10 09:49:08,Cancelled,UPI,Refunded,9,560.72,0.00,560.72,Mumbai
46,MM2605-00046,4,2026-05-10 19:28:55,Delivered,UPI,Paid,8,338.10,40.00,378.10,Delhi
47,MM2605-00047,11,2026-05-11 05:14:25,Delivered,COD,Paid,4,308.00,40.00,348.00,Bengaluru
48,MM2605-00048,51,2026-05-11 13:54:16,Delivered,UPI,Paid,3,133.00,40.00,173.00,Delhi
49,MM2605-00049,13,2026-05-12 21:12:36,Delivered,UPI,Paid,1,11.40,40.00,51.40,Pune
50,MM2605-00050,29,2026-05-14 08:29:48,Delivered,UPI,Paid,7,290.20,40.00,330.20,Hyderabad
51,MM2605-00051,40,2026-05-14 17:49:39,Delivered,COD,Paid,8,611.00,0.00,611.00,Hyderabad
52,MM2605-00052,40,2026-05-16 21:17:16,Delivered,UPI,Paid,10,330.88,40.00,370.88,Hyderabad
53,MM2605-00053,24,2026-05-17 18:49:17,Delivered,COD,Paid,6,472.00,40.00,512.00,Hyderabad
54,MM2605-00054,36,2026-05-18 01:06:38,Delivered,UPI,Paid,3,430.25,40.00,470.25,Mumbai
55,MM2605-00055,2,2026-05-18 08:43:44,Delivered,UPI,Paid,3,287.20,40.00,327.20,Hyderabad
56,MM2605-00056,33,2026-05-18 11:15:43,Delivered,UPI,Paid,5,162.60,40.00,202.60,Hyderabad
57,MM2605-00057,31,2026-05-19 05:42:50,Delivered,COD,Paid,6,366.40,40.00,406.40,Chennai
58,MM2605-00058,16,2026-05-19 05:55:12,Delivered,UPI,Paid,2,36.00,40.00,76.00,Kolkata
59,MM2605-00059,13,2026-05-19 20:51:44,Delivered,UPI,Paid,6,557.00,0.00,557.00,Pune
60,MM2605-00060,17,2026-05-20 10:24:30,Delivered,UPI,Paid,11,1338.00,0.00,1338.00,Mumbai
61,MM2605-00061,17,2026-05-22 20:35:42,Delivered,UPI,Paid,5,563.04,0.00,563.04,Mumbai
62,MM2605-00062,29,2026-05-23 04:17:01,Delivered,COD,Paid,3,166.30,40.00,206.30,Hyderabad
63,MM2605-00063,49,2026-05-24 11:22:23,Delivered,UPI,Paid,1,35.20,40.00,75.20,Delhi
64,MM2605-00064,22,2026-05-24 18:37:15,Delivered,COD,Paid,2,340.00,40.00,380.00,Pune
65,MM2605-00065,31,2026-05-24 20:52:57,Delivered,UPI,Paid,7,485.50,40.00,525.50,Chennai
66,MM2605-00066,45,2026-05-25 18:37:58,Delivered,UPI,Paid,9,343.70,40.00,383.70,Mumbai
67,MM2605-00067,5,2026-05-25 23:12:56,Delivered,UPI,Paid,4,150.50,40.00,190.50,Delhi
68,MM2605-00068,11,2026-05-27 00:57:17,Cancelled,UPI,Refunded,9,666.30,0.00,666.30,Bengaluru
69,MM2605-00069,30,2026-05-27 01:56:22,Delivered,UPI,Paid,1,175.00,40.00,215.00,Chennai
70,MM2605-00070,44,2026-05-27 12:42:07,Delivered,UPI,Paid,5,216.00,40.00,256.00,Mumbai
71,MM2605-00071,52,2026-05-27 15:07:30,Delivered,COD,Paid,3,160.00,40.00,200.00,Chennai
72,MM2605-00072,31,2026-05-27 17:06:21,Delivered,UPI,Paid,6,294.25,40.00,334.25,Chennai
73,MM2605-00073,33,2026-05-27 17:11:10,Delivered,COD,Paid,5,280.80,40.00,320.80,Hyderabad
74,MM2605-00074,13,2026-05-27 18:39:32,Delivered,UPI,Paid,5,192.40,40.00,232.40,Pune
75,MM2605-00075,33,2026-05-27 21:03:55,Delivered,UPI,Paid,5,312.95,40.00,352.95,Hyderabad
76,MM2605-00076,15,2026-05-29 02:59:03,Delivered,COD,Paid,4,180.88,40.00,220.88,Hyderabad
77,MM2605-00077,58,2026-05-29 06:00:42,Cancelled,COD,Cancelled,4,242.25,40.00,282.25,Mumbai
78,MM2605-00078,42,2026-05-29 21:41:57,Delivered,UPI,Paid,1,40.00,40.00,80.00,Delhi
79,MM2605-00079,18,2026-05-29 23:51:38,Delivered,COD,Paid,5,471.20,40.00,511.20,Chennai
80,MM2605-00080,25,2026-05-30 02:05:41,Delivered,COD,Paid,7,753.92,0.00,753.92,Delhi
81,MM2605-00081,11,2026-05-30 03:15:53,Delivered,COD,Paid,4,331.50,40.00,371.50,Bengaluru
82,MM2605-00082,52,2026-05-30 10:28:27,Delivered,COD,Paid,6,338.25,40.00,378.25,Chennai
83,MM2605-00083,43,2026-05-31 04:10:27,Delivered,UPI,Paid,6,231.50,40.00,271.50,Kolkata
84,MM2605-00084,33,2026-05-31 10:13:29,Delivered,UPI,Paid,2,47.60,40.00,87.60,Hyderabad
85,MM2605-00085,41,2026-05-31 21:21:07,Delivered,COD,Paid,5,545.80,0.00,545.80,Kochi
86,MM2606-00086,40,2026-06-01 19:24:03,Delivered,COD,Paid,4,182.75,40.00,222.75,Hyderabad
87,MM2606-00087,58,2026-06-02 02:17:56,Delivered,UPI,Paid,8,358.60,40.00,398.60,Mumbai
88,MM2606-00088,54,2026-06-03 21:21:37,Delivered,UPI,Paid,9,832.00,0.00,832.00,Hyderabad
89,MM2606-00089,19,2026-06-05 15:36:50,Delivered,UPI,Paid,11,1143.95,0.00,1143.95,Bengaluru
90,MM2606-00090,4,2026-06-05 17:26:08,Cancelled,COD,Cancelled,7,378.30,40.00,418.30,Delhi
91,MM2606-00091,55,2026-06-05 18:00:36,Delivered,COD,Paid,5,236.20,40.00,276.20,Mumbai
92,MM2606-00092,58,2026-06-05 21:08:09,Delivered,UPI,Paid,9,649.90,0.00,649.90,Mumbai
93,MM2606-00093,31,2026-06-05 21:36:23,Delivered,COD,Paid,1,40.00,40.00,80.00,Chennai
94,MM2606-00094,15,2026-06-06 03:32:08,Delivered,UPI,Paid,5,346.00,40.00,386.00,Hyderabad
95,MM2606-00095,24,2026-06-06 04:50:24,Delivered,UPI,Paid,6,490.75,40.00,530.75,Hyderabad
96,MM2606-00096,54,2026-06-06 16:49:45,Delivered,COD,Paid,5,298.75,40.00,338.75,Hyderabad
97,MM2606-00097,51,2026-06-06 21:57:12,Delivered,COD,Paid,3,65.40,40.00,105.40,Delhi
98,MM2606-00098,27,2026-06-07 12:30:30,Delivered,COD,Paid,8,403.50,40.00,443.50,Pune
99,MM2606-00099,52,2026-06-07 15:47:10,Delivered,COD,Paid,12,454.80,40.00,494.80,Chennai
100,MM2606-00100,41,2026-06-07 21:43:30,Delivered,COD,Paid,5,203.90,40.00,243.90,Kochi
101,MM2606-00101,27,2026-06-07 23:29:59,Delivered,COD,Paid,4,149.25,40.00,189.25,Pune
102,MM2606-00102,31,2026-06-08 06:20:37,Delivered,COD,Paid,5,777.00,0.00,777.00,Chennai
103,MM2606-00103,11,2026-06-08 17:49:57,Delivered,UPI,Paid,9,377.55,40.00,417.55,Bengaluru
104,MM2606-00104,24,2026-06-08 21:47:33,Delivered,COD,Paid,7,678.16,0.00,678.16,Hyderabad
105,MM2606-00105,55,2026-06-09 01:06:50,Delivered,UPI,Paid,7,484.70,40.00,524.70,Mumbai
106,MM2606-00106,51,2026-06-09 20:09:37,Delivered,COD,Paid,9,1023.20,0.00,1023.20,Delhi
107,MM2606-00107,46,2026-06-10 23:19:13,Delivered,COD,Paid,2,96.50,40.00,136.50,Delhi
108,MM2606-00108,4,2026-06-11 01:45:29,Delivered,COD,Paid,1,25.00,40.00,65.00,Delhi
109,MM2606-00109,4,2026-06-11 22:26:30,Delivered,UPI,Paid,2,79.60,40.00,119.60,Delhi
110,MM2606-00110,52,2026-06-12 07:33:43,Cancelled,UPI,Refunded,9,633.20,0.00,633.20,Chennai
111,MM2606-00111,51,2026-06-12 21:08:08,Delivered,COD,Paid,1,100.00,40.00,140.00,Delhi
112,MM2606-00112,42,2026-06-13 00:22:09,Delivered,COD,Paid,2,67.40,40.00,107.40,Delhi
113,MM2606-00113,22,2026-06-13 05:36:59,Delivered,COD,Paid,6,354.88,40.00,394.88,Pune
114,MM2606-00114,20,2026-06-13 11:27:10,Delivered,UPI,Paid,10,535.00,0.00,535.00,Chennai
115,MM2606-00115,54,2026-06-13 21:36:12,Delivered,UPI,Paid,2,128.00,40.00,168.00,Hyderabad
116,MM2606-00116,12,2026-06-14 03:53:42,Delivered,UPI,Paid,4,173.20,40.00,213.20,Bengaluru
117,MM2606-00117,12,2026-06-14 20:20:23,Delivered,UPI,Paid,6,255.68,40.00,295.68,Bengaluru
118,MM2606-00118,33,2026-06-14 20:51:10,Delivered,UPI,Paid,6,1891.85,0.00,1891.85,Hyderabad
119,MM2606-00119,25,2026-06-14 22:46:12,Delivered,COD,Paid,10,511.40,0.00,511.40,Delhi
120,MM2606-00120,23,2026-06-15 02:42:08,Delivered,UPI,Paid,8,322.75,40.00,362.75,Kochi
121,MM2606-00121,58,2026-06-15 16:14:47,Delivered,UPI,Paid,4,189.85,40.00,229.85,Mumbai
122,MM2606-00122,44,2026-06-15 17:25:50,Delivered,UPI,Paid,10,611.90,0.00,611.90,Mumbai
123,MM2606-00123,56,2026-06-15 19:53:42,Delivered,COD,Paid,5,255.75,40.00,295.75,Pune
124,MM2606-00124,25,2026-06-16 20:10:25,Delivered,COD,Paid,9,1180.38,0.00,1180.38,Delhi
125,MM2606-00125,58,2026-06-16 22:23:33,Cancelled,UPI,Refunded,11,804.44,0.00,804.44,Mumbai
126,MM2606-00126,7,2026-06-17 15:33:35,Delivered,UPI,Paid,7,585.40,0.00,585.40,Mumbai
127,MM2606-00127,29,2026-06-18 00:14:11,Delivered,UPI,Paid,5,657.25,0.00,657.25,Hyderabad
128,MM2606-00128,20,2026-06-18 04:01:05,Delivered,UPI,Paid,8,660.75,0.00,660.75,Chennai
129,MM2606-00129,4,2026-06-19 00:44:01,Delivered,COD,Paid,6,337.60,40.00,377.60,Delhi
130,MM2606-00130,52,2026-06-19 10:33:09,Delivered,UPI,Paid,5,308.00,40.00,348.00,Chennai
131,MM2606-00131,60,2026-06-19 13:13:31,Delivered,UPI,Paid,3,106.25,40.00,146.25,Chennai
132,MM2606-00132,33,2026-06-19 18:37:25,Delivered,UPI,Paid,2,110.50,40.00,150.50,Hyderabad
133,MM2606-00133,32,2026-06-20 07:41:39,Delivered,UPI,Paid,4,553.65,0.00,553.65,Visakhapatnam
134,MM2606-00134,53,2026-06-20 15:15:49,Delivered,COD,Paid,11,503.60,0.00,503.60,Mumbai
135,MM2606-00135,8,2026-06-20 15:59:22,Delivered,UPI,Paid,6,207.00,40.00,247.00,Mumbai
136,MM2606-00136,52,2026-06-20 18:01:19,Delivered,COD,Paid,4,345.20,40.00,385.20,Chennai
137,MM2606-00137,20,2026-06-21 04:12:48,Delivered,UPI,Paid,2,98.25,40.00,138.25,Chennai
138,MM2606-00138,53,2026-06-21 07:39:40,Delivered,UPI,Paid,9,789.50,0.00,789.50,Mumbai
139,MM2606-00139,29,2026-06-21 19:39:27,Delivered,COD,Paid,1,44.00,40.00,84.00,Hyderabad
140,MM2606-00140,57,2026-06-21 19:51:10,Delivered,COD,Paid,5,605.25,0.00,605.25,Chennai
141,MM2606-00141,5,2026-06-21 20:31:43,Delivered,COD,Paid,3,184.50,40.00,224.50,Delhi
142,MM2606-00142,35,2026-06-22 00:08:25,Delivered,COD,Paid,1,35.20,40.00,75.20,Hyderabad
143,MM2606-00143,29,2026-06-22 18:28:44,Delivered,COD,Paid,9,870.40,0.00,870.40,Hyderabad
144,MM2606-00144,52,2026-06-23 02:45:32,Delivered,UPI,Paid,4,373.20,40.00,413.20,Chennai
145,MM2606-00145,53,2026-06-23 06:39:55,Delivered,UPI,Paid,4,216.75,40.00,256.75,Mumbai
146,MM2606-00146,23,2026-06-23 21:29:27,Delivered,UPI,Paid,6,210.34,40.00,250.34,Kochi
147,MM2606-00147,9,2026-06-24 00:30:36,Delivered,COD,Paid,5,474.00,40.00,514.00,Kolkata
148,MM2606-00148,44,2026-06-24 13:49:45,Delivered,COD,Paid,2,288.00,40.00,328.00,Mumbai
149,MM2606-00149,36,2026-06-24 18:58:10,Cancelled,UPI,Refunded,5,109.50,40.00,149.50,Mumbai
150,MM2606-00150,17,2026-06-25 13:28:43,Delivered,UPI,Paid,6,255.68,40.00,295.68,Mumbai
151,MM2606-00151,52,2026-06-25 19:54:19,Delivered,UPI,Paid,6,420.24,40.00,460.24,Chennai
152,MM2606-00152,6,2026-06-26 05:53:56,Delivered,UPI,Paid,6,932.05,0.00,932.05,Kolkata
153,MM2606-00153,12,2026-06-26 12:45:46,Delivered,UPI,Paid,1,81.00,40.00,121.00,Bengaluru
154,MM2606-00154,15,2026-06-26 14:06:57,Delivered,UPI,Paid,7,417.10,40.00,457.10,Hyderabad
155,MM2606-00155,35,2026-06-26 19:31:31,Delivered,UPI,Paid,6,191.00,40.00,231.00,Hyderabad
156,MM2606-00156,9,2026-06-27 01:59:47,Delivered,COD,Paid,1,34.00,40.00,74.00,Kolkata
157,MM2606-00157,56,2026-06-27 10:20:04,Delivered,UPI,Paid,11,579.65,0.00,579.65,Pune
158,MM2606-00158,35,2026-06-27 14:36:42,Delivered,COD,Paid,5,398.25,40.00,438.25,Hyderabad
159,MM2606-00159,11,2026-06-27 18:16:09,Delivered,COD,Paid,2,99.00,40.00,139.00,Bengaluru
160,MM2606-00160,50,2026-06-28 18:07:30,Delivered,UPI,Paid,4,660.00,0.00,660.00,Mumbai
161,MM2606-00161,51,2026-06-29 10:34:47,Delivered,UPI,Paid,1,88.00,40.00,128.00,Delhi
162,MM2606-00162,35,2026-06-29 18:43:15,Delivered,COD,Paid,8,352.10,40.00,392.10,Hyderabad
163,MM2606-00163,17,2026-06-29 21:29:56,Delivered,UPI,Paid,4,150.00,40.00,190.00,Mumbai
164,MM2606-00164,57,2026-06-30 12:15:53,Delivered,UPI,Paid,5,251.60,40.00,291.60,Chennai
165,MM2606-00165,53,2026-06-30 15:42:51,Cancelled,UPI,Refunded,9,459.16,40.00,499.16,Mumbai
166,MM2607-00166,52,2026-07-01 09:50:55,Delivered,UPI,Paid,3,191.80,40.00,231.80,Chennai
167,MM2607-00167,31,2026-07-01 20:37:49,Delivered,COD,Paid,7,717.00,0.00,717.00,Chennai
168,MM2607-00168,27,2026-07-02 18:54:17,Delivered,UPI,Paid,9,729.75,0.00,729.75,Pune
169,MM2607-00169,32,2026-07-02 19:31:58,Delivered,COD,Paid,3,113.80,40.00,153.80,Visakhapatnam
170,MM2607-00170,35,2026-07-02 19:44:44,Delivered,COD,Paid,1,49.50,40.00,89.50,Hyderabad
171,MM2607-00171,32,2026-07-02 21:34:30,Delivered,UPI,Paid,2,369.40,40.00,409.40,Visakhapatnam
172,MM2607-00172,57,2026-07-03 03:40:29,Delivered,COD,Paid,9,461.54,40.00,501.54,Chennai
173,MM2607-00173,12,2026-07-03 18:09:55,Delivered,UPI,Paid,2,100.00,40.00,140.00,Bengaluru
174,MM2607-00174,36,2026-07-04 03:53:40,Delivered,UPI,Paid,5,365.50,40.00,405.50,Mumbai
175,MM2607-00175,17,2026-07-05 02:50:52,Delivered,COD,Paid,6,448.95,40.00,488.95,Mumbai
176,MM2607-00176,25,2026-07-05 08:36:49,Delivered,UPI,Paid,5,663.60,0.00,663.60,Delhi
177,MM2607-00177,53,2026-07-05 20:39:34,Delivered,UPI,Paid,4,241.20,40.00,281.20,Mumbai
178,MM2607-00178,51,2026-07-06 10:00:09,Cancelled,UPI,Refunded,12,899.70,0.00,899.70,Delhi
179,MM2607-00179,46,2026-07-06 13:56:45,Delivered,UPI,Paid,11,694.26,0.00,694.26,Delhi
180,MM2607-00180,19,2026-07-06 19:07:26,Delivered,UPI,Paid,6,637.00,0.00,637.00,Bengaluru
181,MM2607-00181,57,2026-07-07 02:56:21,Delivered,UPI,Paid,9,579.82,0.00,579.82,Chennai
182,MM2607-00182,52,2026-07-07 05:35:11,Delivered,COD,Paid,5,378.40,40.00,418.40,Chennai
183,MM2607-00183,52,2026-07-07 08:24:05,Delivered,COD,Paid,2,128.70,40.00,168.70,Chennai
184,MM2607-00184,55,2026-07-07 21:00:06,Delivered,UPI,Paid,7,384.65,40.00,424.65,Mumbai
185,MM2607-00185,8,2026-07-09 06:13:48,Cancelled,COD,Cancelled,4,643.56,0.00,643.56,Mumbai
186,MM2607-00186,58,2026-07-09 12:55:41,Delivered,UPI,Paid,7,560.25,0.00,560.25,Mumbai
187,MM2607-00187,59,2026-07-11 20:12:21,Delivered,UPI,Paid,4,239.70,40.00,279.70,Kolkata
188,MM2607-00188,7,2026-07-12 11:36:52,Delivered,UPI,Paid,3,165.60,40.00,205.60,Mumbai
189,MM2607-00189,29,2026-07-13 20:33:07,Delivered,UPI,Paid,7,252.00,40.00,292.00,Hyderabad
190,MM2607-00190,9,2026-07-13 21:13:42,Delivered,UPI,Paid,5,249.80,40.00,289.80,Kolkata
191,MM2607-00191,25,2026-07-14 00:08:30,Delivered,UPI,Paid,8,192.30,40.00,232.30,Delhi
192,MM2607-00192,53,2026-07-14 20:56:15,Delivered,UPI,Paid,4,118.00,40.00,158.00,Mumbai
193,MM2607-00193,13,2026-07-14 20:57:18,Delivered,UPI,Paid,3,129.30,40.00,169.30,Pune
194,MM2607-00194,25,2026-07-14 23:24:17,Delivered,COD,Paid,6,172.20,40.00,212.20,Delhi
195,MM2607-00195,35,2026-07-16 18:39:45,Delivered,UPI,Paid,4,102.80,40.00,142.80,Hyderabad
196,MM2607-00196,34,2026-07-17 17:31:08,Delivered,COD,Paid,2,229.75,40.00,269.75,Chennai
197,MM2607-00197,29,2026-07-17 18:51:39,Delivered,COD,Paid,6,349.40,40.00,389.40,Hyderabad
198,MM2607-00198,35,2026-07-17 21:54:31,Delivered,UPI,Paid,6,630.44,0.00,630.44,Hyderabad
199,MM2607-00199,3,2026-07-17 21:55:37,Delivered,COD,Paid,3,123.50,40.00,163.50,Kolkata
200,MM2607-00200,22,2026-07-18 08:23:06,Delivered,UPI,Paid,2,150.00,40.00,190.00,Pune
201,MM2607-00201,25,2026-07-18 18:24:27,Delivered,COD,Paid,9,560.05,0.00,560.05,Delhi
202,MM2607-00202,15,2026-07-18 19:50:25,Delivered,UPI,Paid,8,656.98,0.00,656.98,Hyderabad
203,MM2607-00203,31,2026-07-19 18:28:47,Delivered,UPI,Paid,1,64.00,40.00,104.00,Chennai
204,MM2607-00204,29,2026-07-19 19:11:51,Delivered,UPI,Paid,7,1014.10,0.00,1014.10,Hyderabad
205,MM2607-00205,53,2026-07-20 00:37:56,Delivered,UPI,Paid,5,212.65,40.00,252.65,Mumbai
206,MM2607-00206,48,2026-07-20 16:08:53,Delivered,UPI,Paid,10,591.98,0.00,591.98,Chennai
207,MM2607-00207,17,2026-07-21 19:00:11,Delivered,COD,Paid,7,530.40,0.00,530.40,Mumbai
208,MM2607-00208,31,2026-07-21 21:34:32,Delivered,UPI,Paid,4,391.50,40.00,431.50,Chennai
209,MM2607-00209,52,2026-07-22 03:06:50,Delivered,UPI,Paid,5,286.50,40.00,326.50,Chennai
210,MM2607-00210,25,2026-07-22 18:49:48,Delivered,COD,Paid,5,306.50,40.00,346.50,Delhi
211,MM2607-00211,26,2026-07-22 20:01:44,Delivered,UPI,Paid,8,705.00,0.00,705.00,Delhi
212,MM2607-00212,20,2026-07-23 11:45:46,Delivered,COD,Paid,7,414.35,40.00,454.35,Chennai
213,MM2607-00213,57,2026-07-23 17:52:59,Delivered,UPI,Paid,8,834.75,0.00,834.75,Chennai
214,MM2607-00214,58,2026-07-23 20:51:27,Delivered,UPI,Paid,3,165.48,40.00,205.48,Mumbai
215,MM2607-00215,32,2026-07-24 20:29:19,Delivered,UPI,Paid,2,196.70,40.00,236.70,Visakhapatnam
216,MM2607-00216,51,2026-07-25 04:25:47,Delivered,UPI,Paid,2,57.20,40.00,97.20,Delhi
217,MM2607-00217,17,2026-07-25 21:14:29,Delivered,UPI,Paid,1,86.24,40.00,126.24,Mumbai
218,MM2607-00218,45,2026-07-26 00:41:47,Delivered,UPI,Paid,1,102.00,40.00,142.00,Mumbai
219,MM2607-00219,36,2026-07-26 07:22:12,Delivered,UPI,Paid,6,931.80,0.00,931.80,Mumbai
220,MM2607-00220,20,2026-07-26 08:02:52,Delivered,UPI,Paid,6,310.40,40.00,350.40,Chennai
221,MM2607-00221,20,2026-07-26 10:29:53,Delivered,COD,Paid,3,74.00,40.00,114.00,Chennai
222,MM2607-00222,49,2026-07-26 10:50:48,Delivered,UPI,Paid,5,331.00,40.00,371.00,Delhi
223,MM2607-00223,20,2026-07-27 08:25:13,Delivered,UPI,Paid,6,278.40,40.00,318.40,Chennai
224,MM2607-00224,1,2026-07-27 13:20:48,Delivered,UPI,Paid,1,40.00,40.00,80.00,Hyderabad
225,MM2607-00225,29,2026-07-27 21:29:36,Delivered,UPI,Paid,11,1557.30,0.00,1557.30,Hyderabad
226,MM2607-00226,12,2026-07-28 07:29:41,Delivered,UPI,Paid,3,152.00,40.00,192.00,Bengaluru
227,MM2607-00227,13,2026-07-28 23:15:15,Delivered,UPI,Paid,5,311.88,40.00,351.88,Pune
228,MM2607-00228,40,2026-07-29 17:08:58,Delivered,UPI,Paid,5,175.00,40.00,215.00,Hyderabad
229,MM2607-00229,49,2026-07-29 18:34:31,Delivered,UPI,Paid,9,721.40,0.00,721.40,Delhi
230,MM2607-00230,18,2026-07-29 19:21:43,Delivered,COD,Paid,6,239.55,40.00,279.55,Chennai
231,MM2607-00231,11,2026-07-29 21:15:46,Delivered,UPI,Paid,1,64.00,40.00,104.00,Bengaluru
232,MM2607-00232,12,2026-07-30 01:06:01,Delivered,UPI,Paid,4,322.98,40.00,362.98,Bengaluru
233,MM2607-00233,12,2026-07-30 08:40:21,Cancelled,COD,Cancelled,8,482.25,40.00,522.25,Bengaluru
234,MM2607-00234,37,2026-07-30 11:08:35,Delivered,UPI,Paid,4,300.75,40.00,340.75,Kolkata
235,MM2607-00235,52,2026-07-30 21:55:00,Delivered,UPI,Paid,7,1128.70,0.00,1128.70,Chennai
236,MM2607-00236,12,2026-07-31 14:17:02,Delivered,UPI,Paid,13,1065.80,0.00,1065.80,Bengaluru
237,MM2607-00237,24,2026-07-31 19:30:44,Delivered,UPI,Paid,9,815.10,0.00,815.10,Hyderabad
238,MM2607-00238,53,2026-07-31 19:52:02,Delivered,UPI,Paid,3,210.00,40.00,250.00,Mumbai
239,MM2607-00239,48,2026-07-31 21:38:40,Delivered,COD,Paid,5,139.00,40.00,179.00,Chennai
240,MM2608-00240,57,2026-08-01 03:53:38,Delivered,UPI,Paid,6,304.00,40.00,344.00,Chennai
241,MM2608-00241,53,2026-08-01 19:21:44,Delivered,UPI,Paid,8,302.20,40.00,342.20,Mumbai
242,MM2608-00242,17,2026-08-02 20:20:20,Delivered,COD,Paid,1,45.00,40.00,85.00,Mumbai
243,MM2608-00243,57,2026-08-02 20:47:23,Delivered,COD,Paid,5,503.68,0.00,503.68,Chennai
244,MM2608-00244,7,2026-08-03 03:01:25,Delivered,COD,Paid,5,269.25,40.00,309.25,Mumbai
245,MM2608-00245,7,2026-08-03 04:01:50,Delivered,UPI,Paid,7,530.41,0.00,530.41,Mumbai
246,MM2608-00246,25,2026-08-03 08:17:37,Delivered,COD,Paid,8,442.00,40.00,482.00,Delhi
247,MM2608-00247,33,2026-08-03 18:02:13,Delivered,COD,Paid,2,183.60,40.00,223.60,Hyderabad
248,MM2608-00248,9,2026-08-03 19:13:04,Delivered,UPI,Paid,4,150.40,40.00,190.40,Kolkata
249,MM2608-00249,35,2026-08-03 19:23:55,Delivered,COD,Paid,3,103.20,40.00,143.20,Hyderabad
250,MM2608-00250,53,2026-08-03 20:12:53,Delivered,COD,Paid,5,307.35,40.00,347.35,Mumbai
251,MM2608-00251,55,2026-08-04 03:36:18,Delivered,UPI,Paid,8,918.48,0.00,918.48,Mumbai
252,MM2608-00252,46,2026-08-04 18:19:51,Delivered,COD,Paid,4,864.00,0.00,864.00,Delhi
253,MM2608-00253,37,2026-08-04 18:48:48,Delivered,UPI,Paid,9,482.60,40.00,522.60,Kolkata
254,MM2608-00254,9,2026-08-04 19:10:13,Delivered,UPI,Paid,10,1105.00,0.00,1105.00,Kolkata
255,MM2608-00255,6,2026-08-04 19:15:33,Delivered,UPI,Paid,3,76.25,40.00,116.25,Kolkata
256,MM2608-00256,4,2026-08-04 20:46:29,Delivered,UPI,Paid,11,845.40,0.00,845.40,Delhi
257,MM2608-00257,27,2026-08-05 19:42:41,Delivered,UPI,Paid,5,562.00,0.00,562.00,Pune
258,MM2608-00258,51,2026-08-05 20:14:12,Delivered,COD,Paid,4,190.88,40.00,230.88,Delhi
259,MM2608-00259,32,2026-08-06 20:48:56,Delivered,UPI,Paid,9,837.58,0.00,837.58,Visakhapatnam
260,MM2608-00260,51,2026-08-06 21:04:02,Delivered,UPI,Paid,4,548.80,0.00,548.80,Delhi
261,MM2608-00261,32,2026-08-06 21:49:51,Delivered,COD,Paid,3,455.00,40.00,495.00,Visakhapatnam
262,MM2608-00262,4,2026-08-07 12:44:39,Delivered,COD,Paid,9,381.80,40.00,421.80,Delhi
263,MM2608-00263,45,2026-08-07 14:57:15,Delivered,UPI,Paid,10,999.50,0.00,999.50,Mumbai
264,MM2608-00264,1,2026-08-07 21:37:20,Delivered,UPI,Paid,6,484.38,40.00,524.38,Hyderabad
265,MM2608-00265,32,2026-08-07 21:41:08,Delivered,COD,Paid,6,253.40,40.00,293.40,Visakhapatnam
266,MM2608-00266,35,2026-08-09 09:00:27,Delivered,UPI,Paid,3,180.80,40.00,220.80,Hyderabad
267,MM2608-00267,59,2026-08-09 18:21:32,Delivered,UPI,Paid,8,1129.70,0.00,1129.70,Kolkata
268,MM2608-00268,31,2026-08-09 18:54:14,Delivered,UPI,Paid,8,500.80,0.00,500.80,Chennai
269,MM2608-00269,13,2026-08-09 20:06:25,Delivered,COD,Paid,4,170.93,40.00,210.93,Pune
270,MM2608-00270,46,2026-08-10 18:37:54,Delivered,COD,Paid,2,111.05,40.00,151.05,Delhi
271,MM2608-00271,25,2026-08-10 18:49:42,Cancelled,COD,Cancelled,5,189.00,40.00,229.00,Delhi
272,MM2608-00272,48,2026-08-10 21:25:16,Delivered,UPI,Paid,4,825.00,0.00,825.00,Chennai
273,MM2608-00273,27,2026-08-11 20:00:52,Delivered,UPI,Paid,5,263.30,40.00,303.30,Pune
274,MM2608-00274,14,2026-08-11 20:35:32,Delivered,UPI,Paid,2,150.00,40.00,190.00,Kochi
275,MM2608-00275,52,2026-08-11 22:17:38,Delivered,COD,Paid,3,74.00,40.00,114.00,Chennai
276,MM2608-00276,31,2026-08-12 01:06:28,Delivered,COD,Paid,8,925.10,0.00,925.10,Chennai
277,MM2608-00277,12,2026-08-12 13:20:05,Delivered,COD,Paid,1,58.50,40.00,98.50,Bengaluru
278,MM2608-00278,6,2026-08-12 20:43:26,Delivered,COD,Paid,6,1722.00,0.00,1722.00,Kolkata
279,MM2608-00279,42,2026-08-12 21:36:59,Delivered,UPI,Paid,10,538.74,0.00,538.74,Delhi
280,MM2608-00280,12,2026-08-13 04:25:11,Delivered,UPI,Paid,8,257.25,40.00,297.25,Bengaluru
281,MM2608-00281,31,2026-08-13 13:08:46,Delivered,UPI,Paid,6,546.20,0.00,546.20,Chennai
282,MM2608-00282,56,2026-08-13 18:17:40,Cancelled,COD,Cancelled,11,646.75,0.00,646.75,Pune
283,MM2608-00283,42,2026-08-13 19:48:35,Delivered,COD,Paid,3,208.25,40.00,248.25,Delhi
284,MM2608-00284,29,2026-08-13 21:10:18,Delivered,UPI,Paid,2,188.10,40.00,228.10,Hyderabad
285,MM2608-00285,6,2026-08-14 05:15:42,Delivered,COD,Paid,4,272.00,40.00,312.00,Kolkata
286,MM2608-00286,45,2026-08-14 08:44:55,Delivered,UPI,Paid,3,366.00,40.00,406.00,Mumbai
287,MM2608-00287,34,2026-08-14 13:56:07,Delivered,UPI,Paid,2,108.60,40.00,148.60,Chennai
288,MM2608-00288,58,2026-08-14 20:09:53,Delivered,UPI,Paid,13,739.10,0.00,739.10,Mumbai
289,MM2608-00289,4,2026-08-15 18:39:50,Delivered,UPI,Paid,9,622.50,0.00,622.50,Delhi
290,MM2608-00290,23,2026-08-15 19:43:34,Delivered,COD,Paid,5,268.80,40.00,308.80,Kochi
291,MM2608-00291,56,2026-08-15 22:48:48,Delivered,COD,Paid,4,698.00,0.00,698.00,Pune
292,MM2608-00292,34,2026-08-16 18:07:28,Delivered,UPI,Paid,2,54.80,40.00,94.80,Chennai
293,MM2608-00293,23,2026-08-16 19:03:39,Delivered,UPI,Paid,1,35.20,40.00,75.20,Kochi
294,MM2608-00294,57,2026-08-16 19:45:13,Delivered,COD,Paid,9,446.30,40.00,486.30,Chennai
295,MM2608-00295,54,2026-08-17 02:50:55,Delivered,UPI,Paid,2,90.00,40.00,130.00,Hyderabad
296,MM2608-00296,58,2026-08-17 19:58:07,Delivered,COD,Paid,6,374.60,40.00,414.60,Mumbai
297,MM2608-00297,31,2026-08-18 19:36:16,Delivered,COD,Paid,5,614.75,0.00,614.75,Chennai
298,MM2608-00298,20,2026-08-18 20:48:49,Delivered,UPI,Paid,4,304.00,40.00,344.00,Chennai
299,MM2608-00299,29,2026-08-18 23:13:14,Delivered,COD,Paid,7,351.18,40.00,391.18,Hyderabad
300,MM2608-00300,57,2026-08-18 23:48:24,Delivered,UPI,Paid,2,324.00,40.00,364.00,Chennai
301,MM2608-00301,12,2026-08-19 04:54:15,Delivered,UPI,Paid,5,421.80,40.00,461.80,Bengaluru
302,MM2608-00302,20,2026-08-19 16:52:36,Delivered,COD,Paid,8,404.30,40.00,444.30,Chennai
303,MM2608-00303,57,2026-08-19 19:22:45,Delivered,UPI,Paid,14,1076.80,0.00,1076.80,Chennai
304,MM2608-00304,31,2026-08-20 07:22:50,Delivered,UPI,Paid,2,227.00,40.00,267.00,Chennai
305,MM2608-00305,53,2026-08-20 07:52:32,Delivered,UPI,Paid,4,160.36,40.00,200.36,Mumbai
306,MM2608-00306,33,2026-08-20 13:09:35,Delivered,UPI,Paid,3,334.00,40.00,374.00,Hyderabad
307,MM2608-00307,22,2026-08-20 13:49:56,Delivered,UPI,Paid,10,571.50,0.00,571.50,Pune
308,MM2608-00308,33,2026-08-20 16:03:53,Cancelled,UPI,Refunded,9,707.04,0.00,707.04,Hyderabad
309,MM2608-00309,32,2026-08-20 19:18:28,Delivered,COD,Paid,4,324.60,40.00,364.60,Visakhapatnam
310,MM2608-00310,20,2026-08-21 07:15:45,Delivered,UPI,Paid,3,157.50,40.00,197.50,Chennai
311,MM2608-00311,29,2026-08-21 14:57:58,Delivered,COD,Paid,6,352.80,40.00,392.80,Hyderabad
312,MM2608-00312,35,2026-08-21 19:48:27,Delivered,UPI,Paid,4,151.45,40.00,191.45,Hyderabad
313,MM2608-00313,51,2026-08-21 21:27:39,Delivered,UPI,Paid,3,208.00,40.00,248.00,Delhi
314,MM2608-00314,33,2026-08-22 18:19:49,Delivered,UPI,Paid,1,58.50,40.00,98.50,Hyderabad
315,MM2608-00315,15,2026-08-22 18:31:43,Delivered,UPI,Paid,3,175.00,40.00,215.00,Hyderabad
316,MM2608-00316,31,2026-08-22 19:16:30,Delivered,COD,Paid,4,239.40,40.00,279.40,Chennai
317,MM2608-00317,52,2026-08-23 00:16:14,Delivered,UPI,Paid,6,466.45,40.00,506.45,Chennai
318,MM2608-00318,31,2026-08-23 15:32:42,Delivered,UPI,Paid,2,80.00,40.00,120.00,Chennai
319,MM2608-00319,57,2026-08-23 21:25:53,Delivered,UPI,Paid,4,371.60,40.00,411.60,Chennai
320,MM2608-00320,47,2026-08-24 08:46:51,Delivered,UPI,Paid,6,233.20,40.00,273.20,Hyderabad
321,MM2608-00321,42,2026-08-24 10:50:59,Delivered,UPI,Paid,4,615.70,0.00,615.70,Delhi
322,MM2608-00322,52,2026-08-25 06:50:38,Delivered,COD,Paid,5,173.50,40.00,213.50,Chennai
323,MM2608-00323,11,2026-08-25 19:26:09,Delivered,UPI,Paid,1,60.00,40.00,100.00,Bengaluru
324,MM2608-00324,46,2026-08-26 18:13:25,Delivered,UPI,Paid,7,310.44,40.00,350.44,Delhi
325,MM2608-00325,35,2026-08-26 19:20:10,Delivered,COD,Paid,3,352.75,40.00,392.75,Hyderabad
326,MM2608-00326,40,2026-08-27 07:01:05,Delivered,COD,Paid,11,483.60,40.00,523.60,Hyderabad
327,MM2608-00327,43,2026-08-27 19:04:37,Delivered,UPI,Paid,9,1037.80,0.00,1037.80,Kolkata
328,MM2608-00328,29,2026-08-27 19:07:54,Delivered,UPI,Paid,3,419.36,40.00,459.36,Hyderabad
329,MM2608-00329,27,2026-08-27 20:29:05,Cancelled,COD,Cancelled,2,162.00,40.00,202.00,Pune
330,MM2608-00330,35,2026-08-28 11:26:00,Cancelled,UPI,Refunded,3,165.20,40.00,205.20,Hyderabad
331,MM2608-00331,41,2026-08-28 15:37:33,Delivered,COD,Paid,5,259.60,40.00,299.60,Kochi
332,MM2608-00332,60,2026-08-28 19:49:25,Delivered,UPI,Paid,2,84.40,40.00,124.40,Chennai
333,MM2608-00333,25,2026-08-28 21:01:47,Delivered,COD,Paid,5,235.85,40.00,275.85,Delhi
334,MM2608-00334,31,2026-08-29 03:27:36,Delivered,COD,Paid,3,213.50,40.00,253.50,Chennai
335,MM2608-00335,26,2026-08-29 13:15:59,Delivered,UPI,Paid,5,792.00,0.00,792.00,Delhi
336,MM2608-00336,15,2026-08-30 18:57:08,Delivered,UPI,Paid,5,582.25,0.00,582.25,Hyderabad
337,MM2608-00337,57,2026-08-30 19:22:07,Delivered,COD,Paid,4,408.00,40.00,448.00,Chennai
338,MM2608-00338,4,2026-08-31 10:06:08,Delivered,UPI,Paid,2,126.00,40.00,166.00,Delhi
339,MM2608-00339,16,2026-08-31 17:40:30,Delivered,COD,Paid,3,165.75,40.00,205.75,Kolkata
340,MM2608-00340,28,2026-08-31 18:27:30,Delivered,UPI,Paid,5,612.85,0.00,612.85,Bengaluru
341,MM2608-00341,57,2026-08-31 19:39:26,Delivered,UPI,Paid,7,436.65,40.00,476.65,Chennai
342,MM2609-00342,57,2026-09-01 18:19:53,Delivered,UPI,Paid,2,101.50,40.00,141.50,Chennai
343,MM2609-00343,22,2026-09-01 20:21:26,Delivered,COD,Paid,2,95.25,40.00,135.25,Pune
344,MM2609-00344,40,2026-09-01 20:35:55,Delivered,UPI,Paid,2,378.00,40.00,418.00,Hyderabad
345,MM2609-00345,51,2026-09-01 22:02:36,Delivered,UPI,Paid,5,248.50,40.00,288.50,Delhi
346,MM2609-00346,6,2026-09-01 22:42:31,Delivered,UPI,Paid,10,527.72,0.00,527.72,Kolkata
347,MM2609-00347,27,2026-09-02 09:26:00,Delivered,UPI,Paid,11,526.90,0.00,526.90,Pune
348,MM2609-00348,38,2026-09-02 18:09:55,Cancelled,UPI,Refunded,4,148.50,40.00,188.50,Ahmedabad
349,MM2609-00349,25,2026-09-02 20:41:52,Delivered,UPI,Paid,3,281.00,40.00,321.00,Delhi
350,MM2609-00350,47,2026-09-02 20:50:47,Cancelled,UPI,Refunded,6,181.15,40.00,221.15,Hyderabad
351,MM2609-00351,27,2026-09-03 05:56:54,Delivered,UPI,Paid,3,511.00,0.00,511.00,Pune
352,MM2609-00352,52,2026-09-03 16:37:49,Delivered,COD,Paid,3,312.50,40.00,352.50,Chennai
353,MM2609-00353,16,2026-09-03 18:03:05,Delivered,UPI,Paid,7,256.00,40.00,296.00,Kolkata
354,MM2609-00354,55,2026-09-03 18:54:56,Delivered,UPI,Paid,4,402.00,40.00,442.00,Mumbai
355,MM2609-00355,29,2026-09-04 05:23:47,Delivered,UPI,Paid,3,149.04,40.00,189.04,Hyderabad
356,MM2609-00356,17,2026-09-04 06:41:15,Cancelled,UPI,Refunded,6,834.30,0.00,834.30,Mumbai
357,MM2609-00357,52,2026-09-05 18:27:49,Delivered,UPI,Paid,8,493.98,40.00,533.98,Chennai
358,MM2609-00358,51,2026-09-06 06:47:13,Delivered,UPI,Paid,3,330.00,40.00,370.00,Delhi
359,MM2609-00359,58,2026-09-06 11:58:36,Delivered,UPI,Paid,8,331.90,40.00,371.90,Mumbai
360,MM2609-00360,19,2026-09-06 20:39:54,Delivered,UPI,Paid,6,400.80,40.00,440.80,Bengaluru
361,MM2609-00361,53,2026-09-06 23:53:18,Cancelled,UPI,Refunded,6,309.00,40.00,349.00,Mumbai
362,MM2609-00362,48,2026-09-07 10:32:42,Delivered,UPI,Paid,4,334.70,40.00,374.70,Chennai
363,MM2609-00363,35,2026-09-07 13:31:37,Cancelled,UPI,Refunded,7,767.40,0.00,767.40,Hyderabad
364,MM2609-00364,53,2026-09-07 20:34:42,Delivered,COD,Paid,4,414.50,40.00,454.50,Mumbai
365,MM2609-00365,46,2026-09-07 23:58:47,Delivered,UPI,Paid,7,410.95,40.00,450.95,Delhi
366,MM2609-00366,33,2026-09-08 21:08:15,Delivered,UPI,Paid,2,191.00,40.00,231.00,Hyderabad
367,MM2609-00367,55,2026-09-08 21:44:07,Delivered,COD,Paid,3,585.00,0.00,585.00,Mumbai
368,MM2609-00368,56,2026-09-08 22:03:06,Delivered,UPI,Paid,5,418.20,40.00,458.20,Pune
369,MM2609-00369,12,2026-09-09 18:20:55,Delivered,COD,Paid,4,183.50,40.00,223.50,Bengaluru
370,MM2609-00370,52,2026-09-09 19:03:13,Delivered,UPI,Paid,9,292.50,40.00,332.50,Chennai
371,MM2609-00371,30,2026-09-09 21:15:20,Delivered,UPI,Paid,7,393.00,40.00,433.00,Chennai
372,MM2609-00372,42,2026-09-10 05:17:28,Delivered,COD,Paid,7,435.75,40.00,475.75,Delhi
373,MM2609-00373,17,2026-09-10 08:08:04,Delivered,UPI,Paid,3,461.55,40.00,501.55,Mumbai
374,MM2609-00374,29,2026-09-11 19:25:51,Delivered,UPI,Paid,7,518.30,0.00,518.30,Hyderabad
375,MM2609-00375,17,2026-09-11 20:55:49,Delivered,UPI,Paid,3,117.60,40.00,157.60,Mumbai
376,MM2609-00376,53,2026-09-11 21:58:51,Delivered,UPI,Paid,9,632.75,0.00,632.75,Mumbai
377,MM2609-00377,51,2026-09-12 05:34:59,Delivered,UPI,Paid,3,144.88,40.00,184.88,Delhi
378,MM2609-00378,31,2026-09-12 18:38:18,Delivered,UPI,Paid,2,331.20,40.00,371.20,Chennai
379,MM2609-00379,27,2026-09-13 16:57:56,Delivered,UPI,Paid,10,907.25,0.00,907.25,Pune
380,MM2609-00380,30,2026-09-13 19:12:56,Delivered,UPI,Paid,1,55.25,40.00,95.25,Chennai
381,MM2609-00381,24,2026-09-14 03:34:07,Delivered,UPI,Paid,5,178.25,40.00,218.25,Hyderabad
382,MM2609-00382,54,2026-09-14 09:48:34,Delivered,UPI,Paid,3,174.05,40.00,214.05,Hyderabad
383,MM2609-00383,51,2026-09-14 20:17:10,Delivered,UPI,Paid,8,413.00,40.00,453.00,Delhi
384,MM2609-00384,40,2026-09-14 21:11:26,Cancelled,COD,Cancelled,7,242.56,40.00,282.56,Hyderabad
385,MM2609-00385,41,2026-09-14 23:35:28,Cancelled,UPI,Refunded,3,397.65,40.00,437.65,Kochi
386,MM2609-00386,58,2026-09-15 07:37:17,Delivered,UPI,Paid,4,303.25,40.00,343.25,Mumbai
387,MM2609-00387,51,2026-09-15 17:20:30,Delivered,UPI,Paid,6,320.25,40.00,360.25,Delhi
388,MM2609-00388,25,2026-09-15 20:37:34,Delivered,UPI,Paid,4,396.60,40.00,436.60,Delhi
389,MM2609-00389,11,2026-09-16 18:56:23,Delivered,UPI,Paid,10,1149.15,0.00,1149.15,Bengaluru
390,MM2609-00390,25,2026-09-17 05:44:48,Delivered,UPI,Paid,2,54.00,40.00,94.00,Delhi
391,MM2609-00391,4,2026-09-17 06:40:01,Delivered,UPI,Paid,11,1168.10,0.00,1168.10,Delhi
392,MM2609-00392,52,2026-09-17 16:14:01,Delivered,UPI,Paid,2,202.50,40.00,242.50,Chennai
393,MM2609-00393,43,2026-09-17 18:48:16,Delivered,UPI,Paid,5,213.00,40.00,253.00,Kolkata
394,MM2609-00394,44,2026-09-20 04:10:24,Delivered,UPI,Paid,7,981.05,0.00,981.05,Mumbai
395,MM2609-00395,52,2026-09-20 21:21:38,Delivered,UPI,Paid,2,55.20,40.00,95.20,Chennai
396,MM2609-00396,3,2026-09-20 23:01:32,Delivered,COD,Paid,9,693.53,0.00,693.53,Kolkata
397,MM2609-00397,13,2026-09-21 00:44:20,Delivered,UPI,Paid,3,120.30,40.00,160.30,Pune
398,MM2609-00398,16,2026-09-21 18:41:34,Delivered,UPI,Paid,7,394.40,40.00,434.40,Kolkata
399,MM2609-00399,33,2026-09-22 06:32:46,Delivered,COD,Paid,5,263.00,40.00,303.00,Hyderabad
400,MM2609-00400,58,2026-09-22 21:20:42,Delivered,COD,Paid,7,268.00,40.00,308.00,Mumbai
401,MM2609-00401,1,2026-09-23 12:48:22,Delivered,UPI,Paid,3,156.20,40.00,196.20,Hyderabad
402,MM2609-00402,27,2026-09-23 19:23:06,Delivered,COD,Paid,5,391.00,40.00,431.00,Pune
403,MM2609-00403,31,2026-09-24 18:02:11,Cancelled,COD,Cancelled,4,461.95,40.00,501.95,Chennai
404,MM2609-00404,27,2026-09-24 20:38:25,Delivered,COD,Paid,6,890.00,0.00,890.00,Pune
405,MM2609-00405,32,2026-09-24 21:24:51,Delivered,COD,Paid,3,101.50,40.00,141.50,Visakhapatnam
406,MM2609-00406,60,2026-09-24 22:15:28,Delivered,COD,Paid,4,144.00,40.00,184.00,Chennai
407,MM2609-00407,9,2026-09-25 21:15:38,Delivered,COD,Paid,5,292.50,40.00,332.50,Kolkata
408,MM2609-00408,15,2026-09-26 06:43:10,Delivered,UPI,Paid,3,139.50,40.00,179.50,Hyderabad
409,MM2609-00409,52,2026-09-26 10:52:00,Delivered,UPI,Paid,6,372.00,40.00,412.00,Chennai
410,MM2609-00410,56,2026-09-26 19:33:35,Delivered,UPI,Paid,3,154.60,40.00,194.60,Pune
411,MM2609-00411,35,2026-09-26 20:58:37,Delivered,UPI,Paid,3,183.00,40.00,223.00,Hyderabad
412,MM2609-00412,53,2026-09-26 21:28:48,Delivered,UPI,Paid,5,267.60,40.00,307.60,Mumbai
413,MM2609-00413,46,2026-09-26 22:35:08,Shipped,UPI,Paid,6,286.40,40.00,326.40,Delhi
414,MM2609-00414,52,2026-09-27 01:05:37,Packed,UPI,Paid,5,911.61,0.00,911.61,Chennai
415,MM2609-00415,29,2026-09-27 18:52:15,Delivered,COD,Paid,6,330.00,40.00,370.00,Hyderabad
416,MM2609-00416,1,2026-09-28 03:11:06,Shipped,COD,Pending,1,35.00,40.00,75.00,Hyderabad
417,MM2609-00417,1,2026-09-28 16:12:35,Shipped,UPI,Paid,4,163.20,40.00,203.20,Hyderabad
418,MM2609-00418,33,2026-09-29 19:01:03,Packed,COD,Pending,4,139.24,40.00,179.24,Hyderabad
419,MM2609-00419,26,2026-09-30 11:37:19,Packed,UPI,Paid,4,624.40,0.00,624.40,Delhi
420,MM2609-00420,37,2026-09-30 21:49:40,Packed,COD,Pending,13,1681.09,0.00,1681.09,Kolkata
